,Age,term,fetch_date,Air Conditioner Price,Central bank of Sri Lanka,Bankrupt,Car,Central Bank,Commercial Housing,Construction,Cosmetics,Culture,Deposit Rates,Economic Crisis
0,33.0,Age,2025-10-31,,,,,,,,,,,
1,34.0,Age,2025-10-31,,,,,,,,,,,
2,31.0,Age,2025-10-31,,,,,,,,,,,
3,40.0,Age,2025-10-31,,,,,,,,,,,
4,36.0,Age,2025-10-31,,,,,,,,,,,
5,38.0,Age,2025-10-31,,,,,,,,,,,
6,54.0,Age,2025-10-31,,,,,,,,,,,
7,60.0,Age,2025-10-31,,,,,,,,,,,
8,49.0,Age,2025-10-31,,,,,,,,,,,
9,43.0,Age,2025-10-31,,,,,,,,,,,
10,39.0,Age,2025-10-31,,,,,,,,,,,
11,41.0,Age,2025-10-31,,,,,,,,,,,
12,38.0,Age,2025-10-31,,,,,,,,,,,
13,32.0,Age,2025-10-31,,,,,,,,,,,
14,34.0,Age,2025-10-31,,,,,,,,,,,
15,33.0,Age,2025-10-31,,,,,,,,,,,
16,35.0,Age,2025-10-31,,,,,,,,,,,
17,34.0,Age,2025-10-31,,,,,,,,,,,
18,32.0,Age,2025-10-31,,,,,,,,,,,
19,34.0,Age,2025-10-31,,,,,,,,,,,
20,35.0,Age,2025-10-31,,,,,,,,,,,
21,32.0,Age,2025-10-31,,,,,,,,,,,
22,32.0,Age,2025-10-31,,,,,,,,,,,
23,37.0,Age,2025-10-31,,,,,,,,,,,
24,36.0,Age,2025-10-31,,,,,,,,,,,
25,37.0,Age,2025-10-31,,,,,,,,,,,
26,35.0,Age,2025-10-31,,,,,,,,,,,
27,38.0,Age,2025-10-31,,,,,,,,,,,
28,37.0,Age,2025-10-31,,,,,,,,,,,
29,37.0,Age,2025-10-31,,,,,,,,,,,
30,43.0,Age,2025-10-31,,,,,,,,,,,
31,38.0,Age,2025-10-31,,,,,,,,,,,
32,39.0,Age,2025-10-31,,,,,,,,,,,
33,39.0,Age,2025-10-31,,,,,,,,,,,
34,38.0,Age,2025-10-31,,,,,,,,,,,
35,40.0,Age,2025-10-31,,,,,,,,,,,
36,40.0,Age,2025-10-31,,,,,,,,,,,
37,35.0,Age,2025-10-31,,,,,,,,,,,
38,36.0,Age,2025-10-31,,,,,,,,,,,
39,50.0,Age,2025-10-31,,,,,,,,,,,
40,56.0,Age,2025-10-31,,,,,,,,,,,
41,48.0,Age,2025-10-31,,,,,,,,,,,
42,48.0,Age,2025-10-31,,,,,,,,,,,
43,55.0,Age,2025-10-31,,,,,,,,,,,
44,46.0,Age,2025-10-31,,,,,,,,,,,
45,42.0,Age,2025-10-31,,,,,,,,,,,
46,42.0,Age,2025-10-31,,,,,,,,,,,
47,45.0,Age,2025-10-31,,,,,,,,,,,
48,43.0,Age,2025-10-31,,,,,,,,,,,
49,42.0,Age,2025-10-31,,,,,,,,,,,
50,41.0,Age,2025-10-31,,,,,,,,,,,
51,49.0,Age,2025-10-31,,,,,,,,,,,
52,49.0,Age,2025-10-31,,,,,,,,,,,
53,52.0,Age,2025-10-31,,,,,,,,,,,
54,49.0,Age,2025-10-31,,,,,,,,,,,
55,56.0,Age,2025-10-31,,,,,,,,,,,
56,52.0,Age,2025-10-31,,,,,,,,,,,
57,51.0,Age,2025-10-31,,,,,,,,,,,
58,53.0,Age,2025-10-31,,,,,,,,,,,
59,54.0,Age,2025-10-31,,,,,,,,,,,
60,50.0,Age,2025-10-31,,,,,,,,,,,
61,46.0,Age,2025-10-31,,,,,,,,,,,
62,47.0,Age,2025-10-31,,,,,,,,,,,
63,56.0,Age,2025-10-31,,,,,,,,,,,
64,50.0,Age,2025-10-31,,,,,,,,,,,
65,53.0,Age,2025-10-31,,,,,,,,,,,
66,55.0,Age,2025-10-31,,,,,,,,,,,
67,54.0,Age,2025-10-31,,,,,,,,,,,
68,55.0,Age,2025-10-31,,,,,,,,,,,
69,52.0,Age,2025-10-31,,,,,,,,,,,
70,48.0,Age,2025-10-31,,,,,,,,,,,
71,55.0,Age,2025-10-31,,,,,,,,,,,
72,55.0,Age,2025-10-31,,,,,,,,,,,
73,55.0,Age,2025-10-31,,,,,,,,,,,
74,56.0,Age,2025-10-31,,,,,,,,,,,
75,57.0,Age,2025-10-31,,,,,,,,,,,
76,61.0,Age,2025-10-31,,,,,,,,,,,
77,56.0,Age,2025-10-31,,,,,,,,,,,
78,61.0,Age,2025-10-31,,,,,,,,,,,
79,64.0,Age,2025-10-31,,,,,,,,,,,
80,55.0,Age,2025-10-31,,,,,,,,,,,
81,54.0,Age,2025-10-31,,,,,,,,,,,
82,54.0,Age,2025-10-31,,,,,,,,,,,
83,63.0,Age,2025-10-31,,,,,,,,,,,
84,62.0,Age,2025-10-31,,,,,,,,,,,
85,57.0,Age,2025-10-31,,,,,,,,,,,
86,60.0,Age,2025-10-31,,,,,,,,,,,
87,63.0,Age,2025-10-31,,,,,,,,,,,
88,64.0,Age,2025-10-31,,,,,,,,,,,
89,61.0,Age,2025-10-31,,,,,,,,,,,
90,67.0,Age,2025-10-31,,,,,,,,,,,
91,70.0,Age,2025-10-31,,,,,,,,,,,
92,68.0,Age,2025-10-31,,,,,,,,,,,
93,58.0,Age,2025-10-31,,,,,,,,,,,
94,68.0,Age,2025-10-31,,,,,,,,,,,
95,58.0,Age,2025-10-31,,,,,,,,,,,
96,59.0,Age,2025-10-31,,,,,,,,,,,
97,59.0,Age,2025-10-31,,,,,,,,,,,
98,71.0,Age,2025-10-31,,,,,,,,,,,
99,95.0,Age,2025-10-31,,,,,,,,,,,
100,100.0,Age,2025-10-31,,,,,,,,,,,
101,80.0,Age,2025-10-31,,,,,,,,,,,
102,73.0,Age,2025-10-31,,,,,,,,,,,
103,73.0,Age,2025-10-31,,,,,,,,,,,
104,59.0,Age,2025-10-31,,,,,,,,,,,
105,83.0,Age,2025-10-31,,,,,,,,,,,
106,85.0,Age,2025-10-31,,,,,,,,,,,
107,72.0,Age,2025-10-31,,,,,,,,,,,
108,72.0,Age,2025-10-31,,,,,,,,,,,
109,64.0,Age,2025-10-31,,,,,,,,,,,
110,64.0,Age,2025-10-31,,,,,,,,,,,
111,64.0,Age,2025-10-31,,,,,,,,,,,
112,79.0,Age,2025-10-31,,,,,,,,,,,
113,81.0,Age,2025-10-31,,,,,,,,,,,
114,70.0,Age,2025-10-31,,,,,,,,,,,
115,78.0,Age,2025-10-31,,,,,,,,,,,
116,83.0,Age,2025-10-31,,,,,,,,,,,
117,70.0,Age,2025-10-31,,,,,,,,,,,
118,65.0,Age,2025-10-31,,,,,,,,,,,
119,65.0,Age,2025-10-31,,,,,,,,,,,
120,74.0,Age,2025-10-31,,,,,,,,,,,
121,77.0,Age,2025-10-31,,,,,,,,,,,
122,73.0,Age,2025-10-31,,,,,,,,,,,
123,77.0,Age,2025-10-31,,,,,,,,,,,
124,73.0,Age,2025-10-31,,,,,,,,,,,
125,75.0,Age,2025-10-31,,,,,,,,,,,
126,77.0,Age,2025-10-31,,,,,,,,,,,
127,67.0,Age,2025-10-31,,,,,,,,,,,
128,76.0,Age,2025-10-31,,,,,,,,,,,
129,67.0,Age,2025-10-31,,,,,,,,,,,
130,62.0,Age,2025-10-31,,,,,,,,,,,
131,72.0,Age,2025-10-31,,,,,,,,,,,
132,67.0,Age,2025-10-31,,,,,,,,,,,
133,66.0,Age,2025-10-31,,,,,,,,,,,
134,62.0,Age,2025-10-31,,,,,,,,,,,
135,69.0,Age,2025-10-31,,,,,,,,,,,
136,69.0,Age,2025-10-31,,,,,,,,,,,
137,65.0,Age,2025-10-31,,,,,,,,,,,
138,61.0,Age,2025-10-31,,,,,,,,,,,
139,65.0,Age,2025-10-31,,,,,,,,,,,
140,61.0,Age,2025-10-31,,,,,,,,,,,
141,65.0,Age,2025-10-31,,,,,,,,,,,
142,64.0,Age,2025-10-31,,,,,,,,,,,
143,68.0,Age,2025-10-31,,,,,,,,,,,
144,68.0,Age,2025-10-31,,,,,,,,,,,
145,63.0,Age,2025-10-31,,,,,,,,,,,
146,64.0,Age,2025-10-31,,,,,,,,,,,
147,65.0,Age,2025-10-31,,,,,,,,,,,
148,65.0,Age,2025-10-31,,,,,,,,,,,
149,60.0,Age,2025-10-31,,,,,,,,,,,
150,68.0,Age,2025-10-31,,,,,,,,,,,
151,65.0,Age,2025-10-31,,,,,,,,,,,
152,75.0,Age,2025-10-31,,,,,,,,,,,
153,62.0,Age,2025-10-31,,,,,,,,,,,
154,67.0,Age,2025-10-31,,,,,,,,,,,
155,62.0,Age,2025-10-31,,,,,,,,,,,
156,62.0,Age,2025-10-31,,,,,,,,,,,
157,59.0,Age,2025-10-31,,,,,,,,,,,
158,64.0,Age,2025-10-31,,,,,,,,,,,
159,67.0,Age,2025-10-31,,,,,,,,,,,
160,71.0,Age,2025-10-31,,,,,,,,,,,
161,70.0,Age,2025-10-31,,,,,,,,,,,
162,64.0,Age,2025-10-31,,,,,,,,,,,
163,69.0,Age,2025-10-31,,,,,,,,,,,
164,60.0,Age,2025-10-31,,,,,,,,,,,
165,69.0,Age,2025-10-31,,,,,,,,,,,
166,,Air Conditioner Price,2025-10-31,0.0,,,,,,,,,,
167,,Air Conditioner Price,2025-10-31,0.0,,,,,,,,,,
168,,Air Conditioner Price,2025-10-31,0.0,,,,,,,,,,
169,,Air Conditioner Price,2025-10-31,0.0,,,,,,,,,,
170,,Air Conditioner Price,2025-10-31,0.0,,,,,,,,,,
171,,Air Conditioner Price,2025-10-31,0.0,,,,,,,,,,
172,,Air Conditioner Price,2025-10-31,0.0,,,,,,,,,,
173,,Air Conditioner Price,2025-10-31,0.0,,,,,,,,,,
174,,Air Conditioner Price,2025-10-31,0.0,,,,,,,,,,
175,,Air Conditioner Price,2025-10-31,0.0,,,,,,,,,,
176,,Air Conditioner Price,2025-10-31,0.0,,,,,,,,,,
177,,Air Conditioner Price,2025-10-31,0.0,,,,,,,,,,
178,,Air Conditioner Price,2025-10-31,0.0,,,,,,,,,,
179,,Air Conditioner Price,2025-10-31,0.0,,,,,,,,,,
180,,Air Conditioner Price,2025-10-31,0.0,,,,,,,,,,
181,,Air Conditioner Price,2025-10-31,0.0,,,,,,,,,,
182,,Air Conditioner Price,2025-10-31,0.0,,,,,,,,,,
183,,Air Conditioner Price,2025-10-31,0.0,,,,,,,,,,
184,,Air Conditioner Price,2025-10-31,0.0,,,,,,,,,,
185,,Air Conditioner Price,2025-10-31,0.0,,,,,,,,,,
186,,Air Conditioner Price,2025-10-31,0.0,,,,,,,,,,
187,,Air Conditioner Price,2025-10-31,0.0,,,,,,,,,,
188,,Air Conditioner Price,2025-10-31,0.0,,,,,,,,,,
189,,Air Conditioner Price,2025-10-31,0.0,,,,,,,,,,
190,,Air Conditioner Price,2025-10-31,0.0,,,,,,,,,,
191,,Air Conditioner Price,2025-10-31,0.0,,,,,,,,,,
192,,Air Conditioner Price,2025-10-31,14.0,,,,,,,,,,
193,,Air Conditioner Price,2025-10-31,0.0,,,,,,,,,,
194,,Air Conditioner Price,2025-10-31,0.0,,,,,,,,,,
195,,Air Conditioner Price,2025-10-31,0.0,,,,,,,,,,
196,,Air Conditioner Price,2025-10-31,0.0,,,,,,,,,,
197,,Air Conditioner Price,2025-10-31,0.0,,,,,,,,,,
198,,Air Conditioner Price,2025-10-31,0.0,,,,,,,,,,
199,,Air Conditioner Price,2025-10-31,0.0,,,,,,,,,,
200,,Air Conditioner Price,2025-10-31,0.0,,,,,,,,,,
201,,Air Conditioner Price,2025-10-31,0.0,,,,,,,,,,
202,,Air Conditioner Price,2025-10-31,0.0,,,,,,,,,,
203,,Air Conditioner Price,2025-10-31,0.0,,,,,,,,,,
204,,Air Conditioner Price,2025-10-31,13.0,,,,,,,,,,
205,,Air Conditioner Price,2025-10-31,14.0,,,,,,,,,,
206,,Air Conditioner Price,2025-10-31,14.0,,,,,,,,,,
207,,Air Conditioner Price,2025-10-31,18.0,,,,,,,,,,
208,,Air Conditioner Price,2025-10-31,0.0,,,,,,,,,,
209,,Air Conditioner Price,2025-10-31,15.0,,,,,,,,,,
210,,Air Conditioner Price,2025-10-31,0.0,,,,,,,,,,
211,,Air Conditioner Price,2025-10-31,0.0,,,,,,,,,,
212,,Air Conditioner Price,2025-10-31,0.0,,,,,,,,,,
213,,Air Conditioner Price,2025-10-31,0.0,,,,,,,,,,
214,,Air Conditioner Price,2025-10-31,9.0,,,,,,,,,,
215,,Air Conditioner Price,2025-10-31,11.0,,,,,,,,,,
216,,Air Conditioner Price,2025-10-31,23.0,,,,,,,,,,
217,,Air Conditioner Price,2025-10-31,36.0,,,,,,,,,,
218,,Air Conditioner Price,2025-10-31,12.0,,,,,,,,,,
219,,Air Conditioner Price,2025-10-31,14.0,,,,,,,,,,
220,,Air Conditioner Price,2025-10-31,0.0,,,,,,,,,,
221,,Air Conditioner Price,2025-10-31,10.0,,,,,,,,,,
222,,Air Conditioner Price,2025-10-31,0.0,,,,,,,,,,
223,,Air Conditioner Price,2025-10-31,0.0,,,,,,,,,,
224,,Air Conditioner Price,2025-10-31,11.0,,,,,,,,,,
225,,Air Conditioner Price,2025-10-31,8.0,,,,,,,,,,
226,,Air Conditioner Price,2025-10-31,0.0,,,,,,,,,,
227,,Air Conditioner Price,2025-10-31,0.0,,,,,,,,,,
228,,Air Conditioner Price,2025-10-31,21.0,,,,,,,,,,
229,,Air Conditioner Price,2025-10-31,47.0,,,,,,,,,,
230,,Air Conditioner Price,2025-10-31,29.0,,,,,,,,,,
231,,Air Conditioner Price,2025-10-31,13.0,,,,,,,,,,
232,,Air Conditioner Price,2025-10-31,15.0,,,,,,,,,,
233,,Air Conditioner Price,2025-10-31,11.0,,,,,,,,,,
234,,Air Conditioner Price,2025-10-31,12.0,,,,,,,,,,
235,,Air Conditioner Price,2025-10-31,0.0,,,,,,,,,,
236,,Air Conditioner Price,2025-10-31,9.0,,,,,,,,,,
237,,Air Conditioner Price,2025-10-31,10.0,,,,,,,,,,
238,,Air Conditioner Price,2025-10-31,10.0,,,,,,,,,,
239,,Air Conditioner Price,2025-10-31,11.0,,,,,,,,,,
240,,Air Conditioner Price,2025-10-31,28.0,,,,,,,,,,
241,,Air Conditioner Price,2025-10-31,33.0,,,,,,,,,,
242,,Air Conditioner Price,2025-10-31,22.0,,,,,,,,,,
243,,Air Conditioner Price,2025-10-31,13.0,,,,,,,,,,
244,,Air Conditioner Price,2025-10-31,15.0,,,,,,,,,,
245,,Air Conditioner Price,2025-10-31,15.0,,,,,,,,,,
246,,Air Conditioner Price,2025-10-31,23.0,,,,,,,,,,
247,,Air Conditioner Price,2025-10-31,14.0,,,,,,,,,,
248,,Air Conditioner Price,2025-10-31,11.0,,,,,,,,,,
249,,Air Conditioner Price,2025-10-31,9.0,,,,,,,,,,
250,,Air Conditioner Price,2025-10-31,8.0,,,,,,,,,,
251,,Air Conditioner Price,2025-10-31,19.0,,,,,,,,,,
252,,Air Conditioner Price,2025-10-31,40.0,,,,,,,,,,
253,,Air Conditioner Price,2025-10-31,40.0,,,,,,,,,,
254,,Air Conditioner Price,2025-10-31,39.0,,,,,,,,,,
255,,Air Conditioner Price,2025-10-31,22.0,,,,,,,,,,
256,,Air Conditioner Price,2025-10-31,26.0,,,,,,,,,,
257,,Air Conditioner Price,2025-10-31,19.0,,,,,,,,,,
258,,Air Conditioner Price,2025-10-31,11.0,,,,,,,,,,
259,,Air Conditioner Price,2025-10-31,8.0,,,,,,,,,,
260,,Air Conditioner Price,2025-10-31,16.0,,,,,,,,,,
261,,Air Conditioner Price,2025-10-31,12.0,,,,,,,,,,
262,,Air Conditioner Price,2025-10-31,25.0,,,,,,,,,,
263,,Air Conditioner Price,2025-10-31,39.0,,,,,,,,,,
264,,Air Conditioner Price,2025-10-31,39.0,,,,,,,,,,
265,,Air Conditioner Price,2025-10-31,26.0,,,,,,,,,,
266,,Air Conditioner Price,2025-10-31,50.0,,,,,,,,,,
267,,Air Conditioner Price,2025-10-31,27.0,,,,,,,,,,
268,,Air Conditioner Price,2025-10-31,23.0,,,,,,,,,,
269,,Air Conditioner Price,2025-10-31,23.0,,,,,,,,,,
270,,Air Conditioner Price,2025-10-31,21.0,,,,,,,,,,
271,,Air Conditioner Price,2025-10-31,18.0,,,,,,,,,,
272,,Air Conditioner Price,2025-10-31,16.0,,,,,,,,,,
273,,Air Conditioner Price,2025-10-31,18.0,,,,,,,,,,
274,,Air Conditioner Price,2025-10-31,19.0,,,,,,,,,,
275,,Air Conditioner Price,2025-10-31,27.0,,,,,,,,,,
276,,Air Conditioner Price,2025-10-31,38.0,,,,,,,,,,
277,,Air Conditioner Price,2025-10-31,59.0,,,,,,,,,,
278,,Air Conditioner Price,2025-10-31,32.0,,,,,,,,,,
279,,Air Conditioner Price,2025-10-31,28.0,,,,,,,,,,
280,,Air Conditioner Price,2025-10-31,30.0,,,,,,,,,,
281,,Air Conditioner Price,2025-10-31,24.0,,,,,,,,,,
282,,Air Conditioner Price,2025-10-31,27.0,,,,,,,,,,
283,,Air Conditioner Price,2025-10-31,23.0,,,,,,,,,,
284,,Air Conditioner Price,2025-10-31,15.0,,,,,,,,,,
285,,Air Conditioner Price,2025-10-31,20.0,,,,,,,,,,
286,,Air Conditioner Price,2025-10-31,20.0,,,,,,,,,,
287,,Air Conditioner Price,2025-10-31,30.0,,,,,,,,,,
288,,Air Conditioner Price,2025-10-31,51.0,,,,,,,,,,
289,,Air Conditioner Price,2025-10-31,37.0,,,,,,,,,,
290,,Air Conditioner Price,2025-10-31,37.0,,,,,,,,,,
291,,Air Conditioner Price,2025-10-31,23.0,,,,,,,,,,
292,,Air Conditioner Price,2025-10-31,15.0,,,,,,,,,,
293,,Air Conditioner Price,2025-10-31,24.0,,,,,,,,,,
294,,Air Conditioner Price,2025-10-31,20.0,,,,,,,,,,
295,,Air Conditioner Price,2025-10-31,14.0,,,,,,,,,,
296,,Air Conditioner Price,2025-10-31,16.0,,,,,,,,,,
297,,Air Conditioner Price,2025-10-31,13.0,,,,,,,,,,
298,,Air Conditioner Price,2025-10-31,16.0,,,,,,,,,,
299,,Air Conditioner Price,2025-10-31,20.0,,,,,,,,,,
300,,Air Conditioner Price,2025-10-31,29.0,,,,,,,,,,
301,,Air Conditioner Price,2025-10-31,56.0,,,,,,,,,,
302,,Air Conditioner Price,2025-10-31,44.0,,,,,,,,,,
303,,Air Conditioner Price,2025-10-31,47.0,,,,,,,,,,
304,,Air Conditioner Price,2025-10-31,30.0,,,,,,,,,,
305,,Air Conditioner Price,2025-10-31,50.0,,,,,,,,,,
306,,Air Conditioner Price,2025-10-31,20.0,,,,,,,,,,
307,,Air Conditioner Price,2025-10-31,16.0,,,,,,,,,,
308,,Air Conditioner Price,2025-10-31,28.0,,,,,,,,,,
309,,Air Conditioner Price,2025-10-31,26.0,,,,,,,,,,
310,,Air Conditioner Price,2025-10-31,29.0,,,,,,,,,,
311,,Air Conditioner Price,2025-10-31,63.0,,,,,,,,,,
312,,Air Conditioner Price,2025-10-31,71.0,,,,,,,,,,
313,,Air Conditioner Price,2025-10-31,100.0,,,,,,,,,,
314,,Air Conditioner Price,2025-10-31,66.0,,,,,,,,,,
315,,Air Conditioner Price,2025-10-31,29.0,,,,,,,,,,
316,,Air Conditioner Price,2025-10-31,34.0,,,,,,,,,,
317,,Air Conditioner Price,2025-10-31,29.0,,,,,,,,,,
318,,Air Conditioner Price,2025-10-31,26.0,,,,,,,,,,
319,,Air Conditioner Price,2025-10-31,27.0,,,,,,,,,,
320,,Air Conditioner Price,2025-10-31,25.0,,,,,,,,,,
321,,Air Conditioner Price,2025-10-31,26.0,,,,,,,,,,
322,,Air Conditioner Price,2025-10-31,23.0,,,,,,,,,,
323,,Air Conditioner Price,2025-10-31,50.0,,,,,,,,,,
324,,Air Conditioner Price,2025-10-31,53.0,,,,,,,,,,
325,,Air Conditioner Price,2025-10-31,71.0,,,,,,,,,,
326,,Air Conditioner Price,2025-10-31,67.0,,,,,,,,,,
327,,Air Conditioner Price,2025-10-31,41.0,,,,,,,,,,
328,,Air Conditioner Price,2025-10-31,49.0,,,,,,,,,,
329,,Air Conditioner Price,2025-10-31,33.0,,,,,,,,,,
330,,Air Conditioner Price,2025-10-31,37.0,,,,,,,,,,
331,,Air Conditioner Price,2025-10-31,25.0,,,,,,,,,,
332,,Central bank of Sri Lanka,2025-10-31,,58.0,,,,,,,,,
333,,Central bank of Sri Lanka,2025-10-31,,90.0,,,,,,,,,
334,,Central bank of Sri Lanka,2025-10-31,,100.0,,,,,,,,,
335,,Central bank of Sri Lanka,2025-10-31,,92.0,,,,,,,,,
336,,Central bank of Sri Lanka,2025-10-31,,88.0,,,,,,,,,
337,,Central bank of Sri Lanka,2025-10-31,,80.0,,,,,,,,,
338,,Central bank of Sri Lanka,2025-10-31,,62.0,,,,,,,,,
339,,Central bank of Sri Lanka,2025-10-31,,55.0,,,,,,,,,
340,,Central bank of Sri Lanka,2025-10-31,,56.0,,,,,,,,,
341,,Central bank of Sri Lanka,2025-10-31,,42.0,,,,,,,,,
342,,Central bank of Sri Lanka,2025-10-31,,42.0,,,,,,,,,
343,,Central bank of Sri Lanka,2025-10-31,,46.0,,,,,,,,,
344,,Central bank of Sri Lanka,2025-10-31,,69.0,,,,,,,,,
345,,Central bank of Sri Lanka,2025-10-31,,34.0,,,,,,,,,
346,,Central bank of Sri Lanka,2025-10-31,,35.0,,,,,,,,,
347,,Central bank of Sri Lanka,2025-10-31,,51.0,,,,,,,,,
348,,Central bank of Sri Lanka,2025-10-31,,55.0,,,,,,,,,
349,,Central bank of Sri Lanka,2025-10-31,,28.0,,,,,,,,,
350,,Central bank of Sri Lanka,2025-10-31,,39.0,,,,,,,,,
351,,Central bank of Sri Lanka,2025-10-31,,55.0,,,,,,,,,
352,,Central bank of Sri Lanka,2025-10-31,,54.0,,,,,,,,,
353,,Central bank of Sri Lanka,2025-10-31,,22.0,,,,,,,,,
354,,Central bank of Sri Lanka,2025-10-31,,23.0,,,,,,,,,
355,,Central bank of Sri Lanka,2025-10-31,,42.0,,,,,,,,,
356,,Central bank of Sri Lanka,2025-10-31,,46.0,,,,,,,,,
357,,Central bank of Sri Lanka,2025-10-31,,28.0,,,,,,,,,
358,,Central bank of Sri Lanka,2025-10-31,,19.0,,,,,,,,,
359,,Central bank of Sri Lanka,2025-10-31,,21.0,,,,,,,,,
360,,Central bank of Sri Lanka,2025-10-31,,37.0,,,,,,,,,
361,,Central bank of Sri Lanka,2025-10-31,,34.0,,,,,,,,,
362,,Central bank of Sri Lanka,2025-10-31,,29.0,,,,,,,,,
363,,Central bank of Sri Lanka,2025-10-31,,32.0,,,,,,,,,
364,,Central bank of Sri Lanka,2025-10-31,,34.0,,,,,,,,,
365,,Central bank of Sri Lanka,2025-10-31,,29.0,,,,,,,,,
366,,Central bank of Sri Lanka,2025-10-31,,32.0,,,,,,,,,
367,,Central bank of Sri Lanka,2025-10-31,,25.0,,,,,,,,,
368,,Central bank of Sri Lanka,2025-10-31,,28.0,,,,,,,,,
369,,Central bank of Sri Lanka,2025-10-31,,31.0,,,,,,,,,
370,,Central bank of Sri Lanka,2025-10-31,,61.0,,,,,,,,,
371,,Central bank of Sri Lanka,2025-10-31,,46.0,,,,,,,,,
372,,Central bank of Sri Lanka,2025-10-31,,20.0,,,,,,,,,
373,,Central bank of Sri Lanka,2025-10-31,,17.0,,,,,,,,,
374,,Central bank of Sri Lanka,2025-10-31,,24.0,,,,,,,,,
375,,Central bank of Sri Lanka,2025-10-31,,26.0,,,,,,,,,
376,,Central bank of Sri Lanka,2025-10-31,,28.0,,,,,,,,,
377,,Central bank of Sri Lanka,2025-10-31,,19.0,,,,,,,,,
378,,Central bank of Sri Lanka,2025-10-31,,17.0,,,,,,,,,
379,,Central bank of Sri Lanka,2025-10-31,,20.0,,,,,,,,,
380,,Central bank of Sri Lanka,2025-10-31,,28.0,,,,,,,,,
381,,Central bank of Sri Lanka,2025-10-31,,22.0,,,,,,,,,
382,,Central bank of Sri Lanka,2025-10-31,,15.0,,,,,,,,,
383,,Central bank of Sri Lanka,2025-10-31,,17.0,,,,,,,,,
384,,Central bank of Sri Lanka,2025-10-31,,29.0,,,,,,,,,
385,,Central bank of Sri Lanka,2025-10-31,,30.0,,,,,,,,,
386,,Central bank of Sri Lanka,2025-10-31,,22.0,,,,,,,,,
387,,Central bank of Sri Lanka,2025-10-31,,15.0,,,,,,,,,
388,,Central bank of Sri Lanka,2025-10-31,,22.0,,,,,,,,,
389,,Central bank of Sri Lanka,2025-10-31,,23.0,,,,,,,,,
390,,Central bank of Sri Lanka,2025-10-31,,20.0,,,,,,,,,
391,,Central bank of Sri Lanka,2025-10-31,,11.0,,,,,,,,,
392,,Central bank of Sri Lanka,2025-10-31,,14.0,,,,,,,,,
393,,Central bank of Sri Lanka,2025-10-31,,18.0,,,,,,,,,
394,,Central bank of Sri Lanka,2025-10-31,,26.0,,,,,,,,,
395,,Central bank of Sri Lanka,2025-10-31,,18.0,,,,,,,,,
396,,Central bank of Sri Lanka,2025-10-31,,14.0,,,,,,,,,
397,,Central bank of Sri Lanka,2025-10-31,,12.0,,,,,,,,,
398,,Central bank of Sri Lanka,2025-10-31,,16.0,,,,,,,,,
399,,Central bank of Sri Lanka,2025-10-31,,19.0,,,,,,,,,
400,,Central bank of Sri Lanka,2025-10-31,,23.0,,,,,,,,,
401,,Central bank of Sri Lanka,2025-10-31,,18.0,,,,,,,,,
402,,Central bank of Sri Lanka,2025-10-31,,17.0,,,,,,,,,
403,,Central bank of Sri Lanka,2025-10-31,,21.0,,,,,,,,,
404,,Central bank of Sri Lanka,2025-10-31,,18.0,,,,,,,,,
405,,Central bank of Sri Lanka,2025-10-31,,18.0,,,,,,,,,
406,,Central bank of Sri Lanka,2025-10-31,,20.0,,,,,,,,,
407,,Central bank of Sri Lanka,2025-10-31,,18.0,,,,,,,,,
408,,Central bank of Sri Lanka,2025-10-31,,22.0,,,,,,,,,
409,,Central bank of Sri Lanka,2025-10-31,,17.0,,,,,,,,,
410,,Central bank of Sri Lanka,2025-10-31,,17.0,,,,,,,,,
411,,Central bank of Sri Lanka,2025-10-31,,17.0,,,,,,,,,
412,,Central bank of Sri Lanka,2025-10-31,,22.0,,,,,,,,,
413,,Central bank of Sri Lanka,2025-10-31,,20.0,,,,,,,,,
414,,Central bank of Sri Lanka,2025-10-31,,19.0,,,,,,,,,
415,,Central bank of Sri Lanka,2025-10-31,,15.0,,,,,,,,,
416,,Central bank of Sri Lanka,2025-10-31,,14.0,,,,,,,,,
417,,Central bank of Sri Lanka,2025-10-31,,14.0,,,,,,,,,
418,,Central bank of Sri Lanka,2025-10-31,,14.0,,,,,,,,,
419,,Central bank of Sri Lanka,2025-10-31,,11.0,,,,,,,,,
420,,Central bank of Sri Lanka,2025-10-31,,12.0,,,,,,,,,
421,,Central bank of Sri Lanka,2025-10-31,,12.0,,,,,,,,,
422,,Central bank of Sri Lanka,2025-10-31,,13.0,,,,,,,,,
423,,Central bank of Sri Lanka,2025-10-31,,13.0,,,,,,,,,
424,,Central bank of Sri Lanka,2025-10-31,,14.0,,,,,,,,,
425,,Central bank of Sri Lanka,2025-10-31,,17.0,,,,,,,,,
426,,Central bank of Sri Lanka,2025-10-31,,12.0,,,,,,,,,
427,,Central bank of Sri Lanka,2025-10-31,,13.0,,,,,,,,,
428,,Central bank of Sri Lanka,2025-10-31,,15.0,,,,,,,,,
429,,Central bank of Sri Lanka,2025-10-31,,14.0,,,,,,,,,
430,,Central bank of Sri Lanka,2025-10-31,,13.0,,,,,,,,,
431,,Central bank of Sri Lanka,2025-10-31,,16.0,,,,,,,,,
432,,Central bank of Sri Lanka,2025-10-31,,12.0,,,,,,,,,
433,,Central bank of Sri Lanka,2025-10-31,,17.0,,,,,,,,,
434,,Central bank of Sri Lanka,2025-10-31,,15.0,,,,,,,,,
435,,Central bank of Sri Lanka,2025-10-31,,13.0,,,,,,,,,
436,,Central bank of Sri Lanka,2025-10-31,,17.0,,,,,,,,,
437,,Central bank of Sri Lanka,2025-10-31,,13.0,,,,,,,,,
438,,Central bank of Sri Lanka,2025-10-31,,13.0,,,,,,,,,
439,,Central bank of Sri Lanka,2025-10-31,,13.0,,,,,,,,,
440,,Central bank of Sri Lanka,2025-10-31,,17.0,,,,,,,,,
441,,Central bank of Sri Lanka,2025-10-31,,17.0,,,,,,,,,
442,,Central bank of Sri Lanka,2025-10-31,,16.0,,,,,,,,,
443,,Central bank of Sri Lanka,2025-10-31,,17.0,,,,,,,,,
444,,Central bank of Sri Lanka,2025-10-31,,13.0,,,,,,,,,
445,,Central bank of Sri Lanka,2025-10-31,,15.0,,,,,,,,,
446,,Central bank of Sri Lanka,2025-10-31,,14.0,,,,,,,,,
447,,Central bank of Sri Lanka,2025-10-31,,13.0,,,,,,,,,
448,,Central bank of Sri Lanka,2025-10-31,,16.0,,,,,,,,,
449,,Central bank of Sri Lanka,2025-10-31,,12.0,,,,,,,,,
450,,Central bank of Sri Lanka,2025-10-31,,14.0,,,,,,,,,
451,,Central bank of Sri Lanka,2025-10-31,,14.0,,,,,,,,,
452,,Central bank of Sri Lanka,2025-10-31,,14.0,,,,,,,,,
453,,Central bank of Sri Lanka,2025-10-31,,14.0,,,,,,,,,
454,,Central bank of Sri Lanka,2025-10-31,,27.0,,,,,,,,,
455,,Central bank of Sri Lanka,2025-10-31,,25.0,,,,,,,,,
456,,Central bank of Sri Lanka,2025-10-31,,25.0,,,,,,,,,
457,,Central bank of Sri Lanka,2025-10-31,,16.0,,,,,,,,,
458,,Central bank of Sri Lanka,2025-10-31,,15.0,,,,,,,,,
459,,Central bank of Sri Lanka,2025-10-31,,17.0,,,,,,,,,
460,,Central bank of Sri Lanka,2025-10-31,,14.0,,,,,,,,,
461,,Central bank of Sri Lanka,2025-10-31,,14.0,,,,,,,,,
462,,Central bank of Sri Lanka,2025-10-31,,14.0,,,,,,,,,
463,,Central bank of Sri Lanka,2025-10-31,,12.0,,,,,,,,,
464,,Central bank of Sri Lanka,2025-10-31,,12.0,,,,,,,,,
465,,Central bank of Sri Lanka,2025-10-31,,13.0,,,,,,,,,
466,,Central bank of Sri Lanka,2025-10-31,,25.0,,,,,,,,,
467,,Central bank of Sri Lanka,2025-10-31,,14.0,,,,,,,,,
468,,Central bank of Sri Lanka,2025-10-31,,14.0,,,,,,,,,
469,,Central bank of Sri Lanka,2025-10-31,,16.0,,,,,,,,,
470,,Central bank of Sri Lanka,2025-10-31,,16.0,,,,,,,,,
471,,Central bank of Sri Lanka,2025-10-31,,17.0,,,,,,,,,
472,,Central bank of Sri Lanka,2025-10-31,,14.0,,,,,,,,,
473,,Central bank of Sri Lanka,2025-10-31,,13.0,,,,,,,,,
474,,Central bank of Sri Lanka,2025-10-31,,13.0,,,,,,,,,
475,,Central bank of Sri Lanka,2025-10-31,,11.0,,,,,,,,,
476,,Central bank of Sri Lanka,2025-10-31,,13.0,,,,,,,,,
477,,Central bank of Sri Lanka,2025-10-31,,15.0,,,,,,,,,
478,,Central bank of Sri Lanka,2025-10-31,,14.0,,,,,,,,,
479,,Central bank of Sri Lanka,2025-10-31,,12.0,,,,,,,,,
480,,Central bank of Sri Lanka,2025-10-31,,12.0,,,,,,,,,
481,,Central bank of Sri Lanka,2025-10-31,,11.0,,,,,,,,,
482,,Central bank of Sri Lanka,2025-10-31,,12.0,,,,,,,,,
483,,Central bank of Sri Lanka,2025-10-31,,11.0,,,,,,,,,
484,,Central bank of Sri Lanka,2025-10-31,,12.0,,,,,,,,,
485,,Central bank of Sri Lanka,2025-10-31,,12.0,,,,,,,,,
486,,Central bank of Sri Lanka,2025-10-31,,13.0,,,,,,,,,
487,,Central bank of Sri Lanka,2025-10-31,,10.0,,,,,,,,,
488,,Central bank of Sri Lanka,2025-10-31,,13.0,,,,,,,,,
489,,Central bank of Sri Lanka,2025-10-31,,11.0,,,,,,,,,
490,,Central bank of Sri Lanka,2025-10-31,,11.0,,,,,,,,,
491,,Central bank of Sri Lanka,2025-10-31,,14.0,,,,,,,,,
492,,Central bank of Sri Lanka,2025-10-31,,11.0,,,,,,,,,
493,,Central bank of Sri Lanka,2025-10-31,,11.0,,,,,,,,,
494,,Central bank of Sri Lanka,2025-10-31,,11.0,,,,,,,,,
495,,Central bank of Sri Lanka,2025-10-31,,10.0,,,,,,,,,
496,,Central bank of Sri Lanka,2025-10-31,,9.0,,,,,,,,,
497,,Central bank of Sri Lanka,2025-10-31,,10.0,,,,,,,,,
498,,Bankrupt,2025-10-31,,,0.0,,,,,,,,
499,,Bankrupt,2025-10-31,,,0.0,,,,,,,,
500,,Bankrupt,2025-10-31,,,0.0,,,,,,,,
501,,Bankrupt,2025-10-31,,,0.0,,,,,,,,
502,,Bankrupt,2025-10-31,,,0.0,,,,,,,,
503,,Bankrupt,2025-10-31,,,0.0,,,,,,,,
504,,Bankrupt,2025-10-31,,,53.0,,,,,,,,
505,,Bankrupt,2025-10-31,,,0.0,,,,,,,,
506,,Bankrupt,2025-10-31,,,0.0,,,,,,,,
507,,Bankrupt,2025-10-31,,,0.0,,,,,,,,
508,,Bankrupt,2025-10-31,,,0.0,,,,,,,,
509,,Bankrupt,2025-10-31,,,0.0,,,,,,,,
510,,Bankrupt,2025-10-31,,,0.0,,,,,,,,
511,,Bankrupt,2025-10-31,,,0.0,,,,,,,,
512,,Bankrupt,2025-10-31,,,0.0,,,,,,,,
513,,Bankrupt,2025-10-31,,,0.0,,,,,,,,
514,,Bankrupt,2025-10-31,,,0.0,,,,,,,,
515,,Bankrupt,2025-10-31,,,0.0,,,,,,,,
516,,Bankrupt,2025-10-31,,,0.0,,,,,,,,
517,,Bankrupt,2025-10-31,,,0.0,,,,,,,,
518,,Bankrupt,2025-10-31,,,0.0,,,,,,,,
519,,Bankrupt,2025-10-31,,,0.0,,,,,,,,
520,,Bankrupt,2025-10-31,,,0.0,,,,,,,,
521,,Bankrupt,2025-10-31,,,0.0,,,,,,,,
522,,Bankrupt,2025-10-31,,,0.0,,,,,,,,
523,,Bankrupt,2025-10-31,,,0.0,,,,,,,,
524,,Bankrupt,2025-10-31,,,0.0,,,,,,,,
525,,Bankrupt,2025-10-31,,,0.0,,,,,,,,
526,,Bankrupt,2025-10-31,,,0.0,,,,,,,,
527,,Bankrupt,2025-10-31,,,0.0,,,,,,,,
528,,Bankrupt,2025-10-31,,,0.0,,,,,,,,
529,,Bankrupt,2025-10-31,,,0.0,,,,,,,,
530,,Bankrupt,2025-10-31,,,0.0,,,,,,,,
531,,Bankrupt,2025-10-31,,,0.0,,,,,,,,
532,,Bankrupt,2025-10-31,,,0.0,,,,,,,,
533,,Bankrupt,2025-10-31,,,0.0,,,,,,,,
534,,Bankrupt,2025-10-31,,,0.0,,,,,,,,
535,,Bankrupt,2025-10-31,,,0.0,,,,,,,,
536,,Bankrupt,2025-10-31,,,0.0,,,,,,,,
537,,Bankrupt,2025-10-31,,,0.0,,,,,,,,
538,,Bankrupt,2025-10-31,,,0.0,,,,,,,,
539,,Bankrupt,2025-10-31,,,0.0,,,,,,,,
540,,Bankrupt,2025-10-31,,,0.0,,,,,,,,
541,,Bankrupt,2025-10-31,,,0.0,,,,,,,,
542,,Bankrupt,2025-10-31,,,0.0,,,,,,,,
543,,Bankrupt,2025-10-31,,,0.0,,,,,,,,
544,,Bankrupt,2025-10-31,,,0.0,,,,,,,,
545,,Bankrupt,2025-10-31,,,0.0,,,,,,,,
546,,Bankrupt,2025-10-31,,,0.0,,,,,,,,
547,,Bankrupt,2025-10-31,,,0.0,,,,,,,,
548,,Bankrupt,2025-10-31,,,0.0,,,,,,,,
549,,Bankrupt,2025-10-31,,,0.0,,,,,,,,
550,,Bankrupt,2025-10-31,,,0.0,,,,,,,,
551,,Bankrupt,2025-10-31,,,0.0,,,,,,,,
552,,Bankrupt,2025-10-31,,,0.0,,,,,,,,
553,,Bankrupt,2025-10-31,,,0.0,,,,,,,,
554,,Bankrupt,2025-10-31,,,0.0,,,,,,,,
555,,Bankrupt,2025-10-31,,,0.0,,,,,,,,
556,,Bankrupt,2025-10-31,,,0.0,,,,,,,,
557,,Bankrupt,2025-10-31,,,0.0,,,,,,,,
558,,Bankrupt,2025-10-31,,,0.0,,,,,,,,
559,,Bankrupt,2025-10-31,,,0.0,,,,,,,,
560,,Bankrupt,2025-10-31,,,0.0,,,,,,,,
561,,Bankrupt,2025-10-31,,,22.0,,,,,,,,
562,,Bankrupt,2025-10-31,,,0.0,,,,,,,,
563,,Bankrupt,2025-10-31,,,0.0,,,,,,,,
564,,Bankrupt,2025-10-31,,,24.0,,,,,,,,
565,,Bankrupt,2025-10-31,,,0.0,,,,,,,,
566,,Bankrupt,2025-10-31,,,0.0,,,,,,,,
567,,Bankrupt,2025-10-31,,,0.0,,,,,,,,
568,,Bankrupt,2025-10-31,,,0.0,,,,,,,,
569,,Bankrupt,2025-10-31,,,0.0,,,,,,,,
570,,Bankrupt,2025-10-31,,,0.0,,,,,,,,
571,,Bankrupt,2025-10-31,,,0.0,,,,,,,,
572,,Bankrupt,2025-10-31,,,0.0,,,,,,,,
573,,Bankrupt,2025-10-31,,,21.0,,,,,,,,
574,,Bankrupt,2025-10-31,,,0.0,,,,,,,,
575,,Bankrupt,2025-10-31,,,0.0,,,,,,,,
576,,Bankrupt,2025-10-31,,,0.0,,,,,,,,
577,,Bankrupt,2025-10-31,,,0.0,,,,,,,,
578,,Bankrupt,2025-10-31,,,33.0,,,,,,,,
579,,Bankrupt,2025-10-31,,,0.0,,,,,,,,
580,,Bankrupt,2025-10-31,,,0.0,,,,,,,,
581,,Bankrupt,2025-10-31,,,22.0,,,,,,,,
582,,Bankrupt,2025-10-31,,,19.0,,,,,,,,
583,,Bankrupt,2025-10-31,,,0.0,,,,,,,,
584,,Bankrupt,2025-10-31,,,0.0,,,,,,,,
585,,Bankrupt,2025-10-31,,,0.0,,,,,,,,
586,,Bankrupt,2025-10-31,,,0.0,,,,,,,,
587,,Bankrupt,2025-10-31,,,0.0,,,,,,,,
588,,Bankrupt,2025-10-31,,,18.0,,,,,,,,
589,,Bankrupt,2025-10-31,,,27.0,,,,,,,,
590,,Bankrupt,2025-10-31,,,22.0,,,,,,,,
591,,Bankrupt,2025-10-31,,,18.0,,,,,,,,
592,,Bankrupt,2025-10-31,,,0.0,,,,,,,,
593,,Bankrupt,2025-10-31,,,0.0,,,,,,,,
594,,Bankrupt,2025-10-31,,,0.0,,,,,,,,
595,,Bankrupt,2025-10-31,,,18.0,,,,,,,,
596,,Bankrupt,2025-10-31,,,0.0,,,,,,,,
597,,Bankrupt,2025-10-31,,,0.0,,,,,,,,
598,,Bankrupt,2025-10-31,,,0.0,,,,,,,,
599,,Bankrupt,2025-10-31,,,23.0,,,,,,,,
600,,Bankrupt,2025-10-31,,,23.0,,,,,,,,
601,,Bankrupt,2025-10-31,,,0.0,,,,,,,,
602,,Bankrupt,2025-10-31,,,0.0,,,,,,,,
603,,Bankrupt,2025-10-31,,,0.0,,,,,,,,
604,,Bankrupt,2025-10-31,,,0.0,,,,,,,,
605,,Bankrupt,2025-10-31,,,24.0,,,,,,,,
606,,Bankrupt,2025-10-31,,,0.0,,,,,,,,
607,,Bankrupt,2025-10-31,,,0.0,,,,,,,,
608,,Bankrupt,2025-10-31,,,0.0,,,,,,,,
609,,Bankrupt,2025-10-31,,,0.0,,,,,,,,
610,,Bankrupt,2025-10-31,,,0.0,,,,,,,,
611,,Bankrupt,2025-10-31,,,17.0,,,,,,,,
612,,Bankrupt,2025-10-31,,,17.0,,,,,,,,
613,,Bankrupt,2025-10-31,,,19.0,,,,,,,,
614,,Bankrupt,2025-10-31,,,0.0,,,,,,,,
615,,Bankrupt,2025-10-31,,,0.0,,,,,,,,
616,,Bankrupt,2025-10-31,,,0.0,,,,,,,,
617,,Bankrupt,2025-10-31,,,34.0,,,,,,,,
618,,Bankrupt,2025-10-31,,,38.0,,,,,,,,
619,,Bankrupt,2025-10-31,,,29.0,,,,,,,,
620,,Bankrupt,2025-10-31,,,74.0,,,,,,,,
621,,Bankrupt,2025-10-31,,,100.0,,,,,,,,
622,,Bankrupt,2025-10-31,,,78.0,,,,,,,,
623,,Bankrupt,2025-10-31,,,33.0,,,,,,,,
624,,Bankrupt,2025-10-31,,,40.0,,,,,,,,
625,,Bankrupt,2025-10-31,,,22.0,,,,,,,,
626,,Bankrupt,2025-10-31,,,17.0,,,,,,,,
627,,Bankrupt,2025-10-31,,,19.0,,,,,,,,
628,,Bankrupt,2025-10-31,,,11.0,,,,,,,,
629,,Bankrupt,2025-10-31,,,0.0,,,,,,,,
630,,Bankrupt,2025-10-31,,,14.0,,,,,,,,
631,,Bankrupt,2025-10-31,,,17.0,,,,,,,,
632,,Bankrupt,2025-10-31,,,26.0,,,,,,,,
633,,Bankrupt,2025-10-31,,,16.0,,,,,,,,
634,,Bankrupt,2025-10-31,,,24.0,,,,,,,,
635,,Bankrupt,2025-10-31,,,14.0,,,,,,,,
636,,Bankrupt,2025-10-31,,,12.0,,,,,,,,
637,,Bankrupt,2025-10-31,,,15.0,,,,,,,,
638,,Bankrupt,2025-10-31,,,14.0,,,,,,,,
639,,Bankrupt,2025-10-31,,,15.0,,,,,,,,
640,,Bankrupt,2025-10-31,,,17.0,,,,,,,,
641,,Bankrupt,2025-10-31,,,20.0,,,,,,,,
642,,Bankrupt,2025-10-31,,,19.0,,,,,,,,
643,,Bankrupt,2025-10-31,,,16.0,,,,,,,,
644,,Bankrupt,2025-10-31,,,0.0,,,,,,,,
645,,Bankrupt,2025-10-31,,,0.0,,,,,,,,
646,,Bankrupt,2025-10-31,,,0.0,,,,,,,,
647,,Bankrupt,2025-10-31,,,19.0,,,,,,,,
648,,Bankrupt,2025-10-31,,,26.0,,,,,,,,
649,,Bankrupt,2025-10-31,,,27.0,,,,,,,,
650,,Bankrupt,2025-10-31,,,41.0,,,,,,,,
651,,Bankrupt,2025-10-31,,,21.0,,,,,,,,
652,,Bankrupt,2025-10-31,,,0.0,,,,,,,,
653,,Bankrupt,2025-10-31,,,26.0,,,,,,,,
654,,Bankrupt,2025-10-31,,,19.0,,,,,,,,
655,,Bankrupt,2025-10-31,,,0.0,,,,,,,,
656,,Bankrupt,2025-10-31,,,17.0,,,,,,,,
657,,Bankrupt,2025-10-31,,,0.0,,,,,,,,
658,,Bankrupt,2025-10-31,,,19.0,,,,,,,,
659,,Bankrupt,2025-10-31,,,18.0,,,,,,,,
660,,Bankrupt,2025-10-31,,,0.0,,,,,,,,
661,,Bankrupt,2025-10-31,,,19.0,,,,,,,,
662,,Bankrupt,2025-10-31,,,18.0,,,,,,,,
663,,Bankrupt,2025-10-31,,,20.0,,,,,,,,
664,,Car,2025-10-31,,,,74.0,,,,,,,
665,,Car,2025-10-31,,,,66.0,,,,,,,
666,,Car,2025-10-31,,,,59.0,,,,,,,
667,,Car,2025-10-31,,,,65.0,,,,,,,
668,,Car,2025-10-31,,,,63.0,,,,,,,
669,,Car,2025-10-31,,,,61.0,,,,,,,
670,,Car,2025-10-31,,,,62.0,,,,,,,
671,,Car,2025-10-31,,,,70.0,,,,,,,
672,,Car,2025-10-31,,,,57.0,,,,,,,
673,,Car,2025-10-31,,,,56.0,,,,,,,
674,,Car,2025-10-31,,,,58.0,,,,,,,
675,,Car,2025-10-31,,,,67.0,,,,,,,
676,,Car,2025-10-31,,,,55.0,,,,,,,
677,,Car,2025-10-31,,,,51.0,,,,,,,
678,,Car,2025-10-31,,,,55.0,,,,,,,
679,,Car,2025-10-31,,,,61.0,,,,,,,
680,,Car,2025-10-31,,,,56.0,,,,,,,
681,,Car,2025-10-31,,,,53.0,,,,,,,
682,,Car,2025-10-31,,,,59.0,,,,,,,
683,,Car,2025-10-31,,,,65.0,,,,,,,
684,,Car,2025-10-31,,,,57.0,,,,,,,
685,,Car,2025-10-31,,,,56.0,,,,,,,
686,,Car,2025-10-31,,,,66.0,,,,,,,
687,,Car,2025-10-31,,,,64.0,,,,,,,
688,,Car,2025-10-31,,,,59.0,,,,,,,
689,,Car,2025-10-31,,,,55.0,,,,,,,
690,,Car,2025-10-31,,,,67.0,,,,,,,
691,,Car,2025-10-31,,,,67.0,,,,,,,
692,,Car,2025-10-31,,,,61.0,,,,,,,
693,,Car,2025-10-31,,,,57.0,,,,,,,
694,,Car,2025-10-31,,,,66.0,,,,,,,
695,,Car,2025-10-31,,,,73.0,,,,,,,
696,,Car,2025-10-31,,,,59.0,,,,,,,
697,,Car,2025-10-31,,,,65.0,,,,,,,
698,,Car,2025-10-31,,,,73.0,,,,,,,
699,,Car,2025-10-31,,,,94.0,,,,,,,
700,,Car,2025-10-31,,,,80.0,,,,,,,
701,,Car,2025-10-31,,,,78.0,,,,,,,
702,,Car,2025-10-31,,,,69.0,,,,,,,
703,,Car,2025-10-31,,,,92.0,,,,,,,
704,,Car,2025-10-31,,,,99.0,,,,,,,
705,,Car,2025-10-31,,,,72.0,,,,,,,
706,,Car,2025-10-31,,,,78.0,,,,,,,
707,,Car,2025-10-31,,,,77.0,,,,,,,
708,,Car,2025-10-31,,,,98.0,,,,,,,
709,,Car,2025-10-31,,,,85.0,,,,,,,
710,,Car,2025-10-31,,,,79.0,,,,,,,
711,,Car,2025-10-31,,,,85.0,,,,,,,
712,,Car,2025-10-31,,,,73.0,,,,,,,
713,,Car,2025-10-31,,,,80.0,,,,,,,
714,,Car,2025-10-31,,,,85.0,,,,,,,
715,,Car,2025-10-31,,,,79.0,,,,,,,
716,,Car,2025-10-31,,,,82.0,,,,,,,
717,,Car,2025-10-31,,,,100.0,,,,,,,
718,,Car,2025-10-31,,,,77.0,,,,,,,
719,,Car,2025-10-31,,,,83.0,,,,,,,
720,,Car,2025-10-31,,,,70.0,,,,,,,
721,,Car,2025-10-31,,,,79.0,,,,,,,
722,,Car,2025-10-31,,,,73.0,,,,,,,
723,,Car,2025-10-31,,,,78.0,,,,,,,
724,,Car,2025-10-31,,,,83.0,,,,,,,
725,,Car,2025-10-31,,,,68.0,,,,,,,
726,,Car,2025-10-31,,,,64.0,,,,,,,
727,,Car,2025-10-31,,,,74.0,,,,,,,
728,,Car,2025-10-31,,,,81.0,,,,,,,
729,,Car,2025-10-31,,,,73.0,,,,,,,
730,,Car,2025-10-31,,,,69.0,,,,,,,
731,,Car,2025-10-31,,,,70.0,,,,,,,
732,,Car,2025-10-31,,,,70.0,,,,,,,
733,,Car,2025-10-31,,,,68.0,,,,,,,
734,,Car,2025-10-31,,,,81.0,,,,,,,
735,,Car,2025-10-31,,,,73.0,,,,,,,
736,,Car,2025-10-31,,,,75.0,,,,,,,
737,,Car,2025-10-31,,,,73.0,,,,,,,
738,,Car,2025-10-31,,,,77.0,,,,,,,
739,,Car,2025-10-31,,,,74.0,,,,,,,
740,,Car,2025-10-31,,,,83.0,,,,,,,
741,,Car,2025-10-31,,,,82.0,,,,,,,
742,,Car,2025-10-31,,,,78.0,,,,,,,
743,,Car,2025-10-31,,,,82.0,,,,,,,
744,,Car,2025-10-31,,,,73.0,,,,,,,
745,,Car,2025-10-31,,,,70.0,,,,,,,
746,,Car,2025-10-31,,,,68.0,,,,,,,
747,,Car,2025-10-31,,,,68.0,,,,,,,
748,,Car,2025-10-31,,,,70.0,,,,,,,
749,,Car,2025-10-31,,,,69.0,,,,,,,
750,,Car,2025-10-31,,,,69.0,,,,,,,
751,,Car,2025-10-31,,,,67.0,,,,,,,
752,,Car,2025-10-31,,,,61.0,,,,,,,
753,,Car,2025-10-31,,,,65.0,,,,,,,
754,,Car,2025-10-31,,,,69.0,,,,,,,
755,,Car,2025-10-31,,,,68.0,,,,,,,
756,,Car,2025-10-31,,,,72.0,,,,,,,
757,,Car,2025-10-31,,,,65.0,,,,,,,
758,,Car,2025-10-31,,,,66.0,,,,,,,
759,,Car,2025-10-31,,,,62.0,,,,,,,
760,,Car,2025-10-31,,,,68.0,,,,,,,
761,,Car,2025-10-31,,,,76.0,,,,,,,
762,,Car,2025-10-31,,,,62.0,,,,,,,
763,,Car,2025-10-31,,,,46.0,,,,,,,
764,,Car,2025-10-31,,,,64.0,,,,,,,
765,,Car,2025-10-31,,,,81.0,,,,,,,
766,,Car,2025-10-31,,,,89.0,,,,,,,
767,,Car,2025-10-31,,,,86.0,,,,,,,
768,,Car,2025-10-31,,,,95.0,,,,,,,
769,,Car,2025-10-31,,,,79.0,,,,,,,
770,,Car,2025-10-31,,,,72.0,,,,,,,
771,,Car,2025-10-31,,,,83.0,,,,,,,
772,,Car,2025-10-31,,,,90.0,,,,,,,
773,,Car,2025-10-31,,,,86.0,,,,,,,
774,,Car,2025-10-31,,,,83.0,,,,,,,
775,,Car,2025-10-31,,,,82.0,,,,,,,
776,,Car,2025-10-31,,,,71.0,,,,,,,
777,,Car,2025-10-31,,,,61.0,,,,,,,
778,,Car,2025-10-31,,,,84.0,,,,,,,
779,,Car,2025-10-31,,,,86.0,,,,,,,
780,,Car,2025-10-31,,,,65.0,,,,,,,
781,,Car,2025-10-31,,,,66.0,,,,,,,
782,,Car,2025-10-31,,,,65.0,,,,,,,
783,,Car,2025-10-31,,,,74.0,,,,,,,
784,,Car,2025-10-31,,,,72.0,,,,,,,
785,,Car,2025-10-31,,,,71.0,,,,,,,
786,,Car,2025-10-31,,,,62.0,,,,,,,
787,,Car,2025-10-31,,,,58.0,,,,,,,
788,,Car,2025-10-31,,,,49.0,,,,,,,
789,,Car,2025-10-31,,,,44.0,,,,,,,
790,,Car,2025-10-31,,,,42.0,,,,,,,
791,,Car,2025-10-31,,,,51.0,,,,,,,
792,,Car,2025-10-31,,,,50.0,,,,,,,
793,,Car,2025-10-31,,,,50.0,,,,,,,
794,,Car,2025-10-31,,,,52.0,,,,,,,
795,,Car,2025-10-31,,,,55.0,,,,,,,
796,,Car,2025-10-31,,,,56.0,,,,,,,
797,,Car,2025-10-31,,,,56.0,,,,,,,
798,,Car,2025-10-31,,,,56.0,,,,,,,
799,,Car,2025-10-31,,,,55.0,,,,,,,
800,,Car,2025-10-31,,,,57.0,,,,,,,
801,,Car,2025-10-31,,,,56.0,,,,,,,
802,,Car,2025-10-31,,,,57.0,,,,,,,
803,,Car,2025-10-31,,,,59.0,,,,,,,
804,,Car,2025-10-31,,,,58.0,,,,,,,
805,,Car,2025-10-31,,,,53.0,,,,,,,
806,,Car,2025-10-31,,,,53.0,,,,,,,
807,,Car,2025-10-31,,,,65.0,,,,,,,
808,,Car,2025-10-31,,,,61.0,,,,,,,
809,,Car,2025-10-31,,,,55.0,,,,,,,
810,,Car,2025-10-31,,,,55.0,,,,,,,
811,,Car,2025-10-31,,,,55.0,,,,,,,
812,,Car,2025-10-31,,,,54.0,,,,,,,
813,,Car,2025-10-31,,,,51.0,,,,,,,
814,,Car,2025-10-31,,,,52.0,,,,,,,
815,,Car,2025-10-31,,,,54.0,,,,,,,
816,,Car,2025-10-31,,,,52.0,,,,,,,
817,,Car,2025-10-31,,,,50.0,,,,,,,
818,,Car,2025-10-31,,,,51.0,,,,,,,
819,,Car,2025-10-31,,,,51.0,,,,,,,
820,,Car,2025-10-31,,,,48.0,,,,,,,
821,,Car,2025-10-31,,,,52.0,,,,,,,
822,,Car,2025-10-31,,,,53.0,,,,,,,
823,,Car,2025-10-31,,,,59.0,,,,,,,
824,,Car,2025-10-31,,,,61.0,,,,,,,
825,,Car,2025-10-31,,,,64.0,,,,,,,
826,,Car,2025-10-31,,,,62.0,,,,,,,
827,,Car,2025-10-31,,,,60.0,,,,,,,
828,,Car,2025-10-31,,,,54.0,,,,,,,
829,,Car,2025-10-31,,,,56.0,,,,,,,
830,,Central Bank,2025-10-31,,,,,56.0,,,,,,
831,,Central Bank,2025-10-31,,,,,91.0,,,,,,
832,,Central Bank,2025-10-31,,,,,100.0,,,,,,
833,,Central Bank,2025-10-31,,,,,78.0,,,,,,
834,,Central Bank,2025-10-31,,,,,87.0,,,,,,
835,,Central Bank,2025-10-31,,,,,78.0,,,,,,
836,,Central Bank,2025-10-31,,,,,67.0,,,,,,
837,,Central Bank,2025-10-31,,,,,54.0,,,,,,
838,,Central Bank,2025-10-31,,,,,58.0,,,,,,
839,,Central Bank,2025-10-31,,,,,55.0,,,,,,
840,,Central Bank,2025-10-31,,,,,54.0,,,,,,
841,,Central Bank,2025-10-31,,,,,44.0,,,,,,
842,,Central Bank,2025-10-31,,,,,76.0,,,,,,
843,,Central Bank,2025-10-31,,,,,68.0,,,,,,
844,,Central Bank,2025-10-31,,,,,49.0,,,,,,
845,,Central Bank,2025-10-31,,,,,50.0,,,,,,
846,,Central Bank,2025-10-31,,,,,57.0,,,,,,
847,,Central Bank,2025-10-31,,,,,57.0,,,,,,
848,,Central Bank,2025-10-31,,,,,54.0,,,,,,
849,,Central Bank,2025-10-31,,,,,51.0,,,,,,
850,,Central Bank,2025-10-31,,,,,58.0,,,,,,
851,,Central Bank,2025-10-31,,,,,48.0,,,,,,
852,,Central Bank,2025-10-31,,,,,43.0,,,,,,
853,,Central Bank,2025-10-31,,,,,41.0,,,,,,
854,,Central Bank,2025-10-31,,,,,43.0,,,,,,
855,,Central Bank,2025-10-31,,,,,43.0,,,,,,
856,,Central Bank,2025-10-31,,,,,37.0,,,,,,
857,,Central Bank,2025-10-31,,,,,31.0,,,,,,
858,,Central Bank,2025-10-31,,,,,38.0,,,,,,
859,,Central Bank,2025-10-31,,,,,35.0,,,,,,
860,,Central Bank,2025-10-31,,,,,38.0,,,,,,
861,,Central Bank,2025-10-31,,,,,35.0,,,,,,
862,,Central Bank,2025-10-31,,,,,39.0,,,,,,
863,,Central Bank,2025-10-31,,,,,34.0,,,,,,
864,,Central Bank,2025-10-31,,,,,33.0,,,,,,
865,,Central Bank,2025-10-31,,,,,32.0,,,,,,
866,,Central Bank,2025-10-31,,,,,36.0,,,,,,
867,,Central Bank,2025-10-31,,,,,38.0,,,,,,
868,,Central Bank,2025-10-31,,,,,63.0,,,,,,
869,,Central Bank,2025-10-31,,,,,64.0,,,,,,
870,,Central Bank,2025-10-31,,,,,39.0,,,,,,
871,,Central Bank,2025-10-31,,,,,40.0,,,,,,
872,,Central Bank,2025-10-31,,,,,33.0,,,,,,
873,,Central Bank,2025-10-31,,,,,32.0,,,,,,
874,,Central Bank,2025-10-31,,,,,45.0,,,,,,
875,,Central Bank,2025-10-31,,,,,41.0,,,,,,
876,,Central Bank,2025-10-31,,,,,33.0,,,,,,
877,,Central Bank,2025-10-31,,,,,31.0,,,,,,
878,,Central Bank,2025-10-31,,,,,40.0,,,,,,
879,,Central Bank,2025-10-31,,,,,31.0,,,,,,
880,,Central Bank,2025-10-31,,,,,36.0,,,,,,
881,,Central Bank,2025-10-31,,,,,37.0,,,,,,
882,,Central Bank,2025-10-31,,,,,37.0,,,,,,
883,,Central Bank,2025-10-31,,,,,36.0,,,,,,
884,,Central Bank,2025-10-31,,,,,32.0,,,,,,
885,,Central Bank,2025-10-31,,,,,30.0,,,,,,
886,,Central Bank,2025-10-31,,,,,34.0,,,,,,
887,,Central Bank,2025-10-31,,,,,29.0,,,,,,
888,,Central Bank,2025-10-31,,,,,28.0,,,,,,
889,,Central Bank,2025-10-31,,,,,24.0,,,,,,
890,,Central Bank,2025-10-31,,,,,29.0,,,,,,
891,,Central Bank,2025-10-31,,,,,29.0,,,,,,
892,,Central Bank,2025-10-31,,,,,36.0,,,,,,
893,,Central Bank,2025-10-31,,,,,26.0,,,,,,
894,,Central Bank,2025-10-31,,,,,28.0,,,,,,
895,,Central Bank,2025-10-31,,,,,26.0,,,,,,
896,,Central Bank,2025-10-31,,,,,26.0,,,,,,
897,,Central Bank,2025-10-31,,,,,27.0,,,,,,
898,,Central Bank,2025-10-31,,,,,29.0,,,,,,
899,,Central Bank,2025-10-31,,,,,27.0,,,,,,
900,,Central Bank,2025-10-31,,,,,30.0,,,,,,
901,,Central Bank,2025-10-31,,,,,27.0,,,,,,
902,,Central Bank,2025-10-31,,,,,26.0,,,,,,
903,,Central Bank,2025-10-31,,,,,32.0,,,,,,
904,,Central Bank,2025-10-31,,,,,31.0,,,,,,
905,,Central Bank,2025-10-31,,,,,29.0,,,,,,
906,,Central Bank,2025-10-31,,,,,32.0,,,,,,
907,,Central Bank,2025-10-31,,,,,27.0,,,,,,
908,,Central Bank,2025-10-31,,,,,25.0,,,,,,
909,,Central Bank,2025-10-31,,,,,24.0,,,,,,
910,,Central Bank,2025-10-31,,,,,29.0,,,,,,
911,,Central Bank,2025-10-31,,,,,30.0,,,,,,
912,,Central Bank,2025-10-31,,,,,28.0,,,,,,
913,,Central Bank,2025-10-31,,,,,21.0,,,,,,
914,,Central Bank,2025-10-31,,,,,25.0,,,,,,
915,,Central Bank,2025-10-31,,,,,25.0,,,,,,
916,,Central Bank,2025-10-31,,,,,23.0,,,,,,
917,,Central Bank,2025-10-31,,,,,18.0,,,,,,
918,,Central Bank,2025-10-31,,,,,21.0,,,,,,
919,,Central Bank,2025-10-31,,,,,21.0,,,,,,
920,,Central Bank,2025-10-31,,,,,20.0,,,,,,
921,,Central Bank,2025-10-31,,,,,21.0,,,,,,
922,,Central Bank,2025-10-31,,,,,27.0,,,,,,
923,,Central Bank,2025-10-31,,,,,25.0,,,,,,
924,,Central Bank,2025-10-31,,,,,19.0,,,,,,
925,,Central Bank,2025-10-31,,,,,20.0,,,,,,
926,,Central Bank,2025-10-31,,,,,23.0,,,,,,
927,,Central Bank,2025-10-31,,,,,24.0,,,,,,
928,,Central Bank,2025-10-31,,,,,20.0,,,,,,
929,,Central Bank,2025-10-31,,,,,22.0,,,,,,
930,,Central Bank,2025-10-31,,,,,19.0,,,,,,
931,,Central Bank,2025-10-31,,,,,26.0,,,,,,
932,,Central Bank,2025-10-31,,,,,22.0,,,,,,
933,,Central Bank,2025-10-31,,,,,21.0,,,,,,
934,,Central Bank,2025-10-31,,,,,22.0,,,,,,
935,,Central Bank,2025-10-31,,,,,16.0,,,,,,
936,,Central Bank,2025-10-31,,,,,14.0,,,,,,
937,,Central Bank,2025-10-31,,,,,14.0,,,,,,
938,,Central Bank,2025-10-31,,,,,17.0,,,,,,
939,,Central Bank,2025-10-31,,,,,19.0,,,,,,
940,,Central Bank,2025-10-31,,,,,19.0,,,,,,
941,,Central Bank,2025-10-31,,,,,18.0,,,,,,
942,,Central Bank,2025-10-31,,,,,14.0,,,,,,
943,,Central Bank,2025-10-31,,,,,15.0,,,,,,
944,,Central Bank,2025-10-31,,,,,17.0,,,,,,
945,,Central Bank,2025-10-31,,,,,15.0,,,,,,
946,,Central Bank,2025-10-31,,,,,17.0,,,,,,
947,,Central Bank,2025-10-31,,,,,14.0,,,,,,
948,,Central Bank,2025-10-31,,,,,14.0,,,,,,
949,,Central Bank,2025-10-31,,,,,16.0,,,,,,
950,,Central Bank,2025-10-31,,,,,18.0,,,,,,
951,,Central Bank,2025-10-31,,,,,15.0,,,,,,
952,,Central Bank,2025-10-31,,,,,37.0,,,,,,
953,,Central Bank,2025-10-31,,,,,31.0,,,,,,
954,,Central Bank,2025-10-31,,,,,28.0,,,,,,
955,,Central Bank,2025-10-31,,,,,22.0,,,,,,
956,,Central Bank,2025-10-31,,,,,19.0,,,,,,
957,,Central Bank,2025-10-31,,,,,21.0,,,,,,
958,,Central Bank,2025-10-31,,,,,19.0,,,,,,
959,,Central Bank,2025-10-31,,,,,19.0,,,,,,
960,,Central Bank,2025-10-31,,,,,19.0,,,,,,
961,,Central Bank,2025-10-31,,,,,16.0,,,,,,
962,,Central Bank,2025-10-31,,,,,18.0,,,,,,
963,,Central Bank,2025-10-31,,,,,20.0,,,,,,
964,,Central Bank,2025-10-31,,,,,40.0,,,,,,
965,,Central Bank,2025-10-31,,,,,22.0,,,,,,
966,,Central Bank,2025-10-31,,,,,24.0,,,,,,
967,,Central Bank,2025-10-31,,,,,29.0,,,,,,
968,,Central Bank,2025-10-31,,,,,27.0,,,,,,
969,,Central Bank,2025-10-31,,,,,27.0,,,,,,
970,,Central Bank,2025-10-31,,,,,22.0,,,,,,
971,,Central Bank,2025-10-31,,,,,23.0,,,,,,
972,,Central Bank,2025-10-31,,,,,19.0,,,,,,
973,,Central Bank,2025-10-31,,,,,19.0,,,,,,
974,,Central Bank,2025-10-31,,,,,20.0,,,,,,
975,,Central Bank,2025-10-31,,,,,23.0,,,,,,
976,,Central Bank,2025-10-31,,,,,23.0,,,,,,
977,,Central Bank,2025-10-31,,,,,20.0,,,,,,
978,,Central Bank,2025-10-31,,,,,18.0,,,,,,
979,,Central Bank,2025-10-31,,,,,18.0,,,,,,
980,,Central Bank,2025-10-31,,,,,18.0,,,,,,
981,,Central Bank,2025-10-31,,,,,17.0,,,,,,
982,,Central Bank,2025-10-31,,,,,19.0,,,,,,
983,,Central Bank,2025-10-31,,,,,21.0,,,,,,
984,,Central Bank,2025-10-31,,,,,20.0,,,,,,
985,,Central Bank,2025-10-31,,,,,16.0,,,,,,
986,,Central Bank,2025-10-31,,,,,19.0,,,,,,
987,,Central Bank,2025-10-31,,,,,19.0,,,,,,
988,,Central Bank,2025-10-31,,,,,17.0,,,,,,
989,,Central Bank,2025-10-31,,,,,20.0,,,,,,
990,,Central Bank,2025-10-31,,,,,19.0,,,,,,
991,,Central Bank,2025-10-31,,,,,17.0,,,,,,
992,,Central Bank,2025-10-31,,,,,19.0,,,,,,
993,,Central Bank,2025-10-31,,,,,18.0,,,,,,
994,,Central Bank,2025-10-31,,,,,16.0,,,,,,
995,,Central Bank,2025-10-31,,,,,17.0,,,,,,
996,,Commercial Housing,2025-10-31,,,,,,0.0,,,,,
997,,Commercial Housing,2025-10-31,,,,,,0.0,,,,,
998,,Commercial Housing,2025-10-31,,,,,,0.0,,,,,
999,,Commercial Housing,2025-10-31,,,,,,0.0,,,,,
1000,,Commercial Housing,2025-10-31,,,,,,0.0,,,,,
1001,,Commercial Housing,2025-10-31,,,,,,0.0,,,,,
1002,,Commercial Housing,2025-10-31,,,,,,0.0,,,,,
1003,,Commercial Housing,2025-10-31,,,,,,0.0,,,,,
1004,,Commercial Housing,2025-10-31,,,,,,0.0,,,,,
1005,,Commercial Housing,2025-10-31,,,,,,0.0,,,,,
1006,,Commercial Housing,2025-10-31,,,,,,0.0,,,,,
1007,,Commercial Housing,2025-10-31,,,,,,0.0,,,,,
1008,,Commercial Housing,2025-10-31,,,,,,0.0,,,,,
1009,,Commercial Housing,2025-10-31,,,,,,0.0,,,,,
1010,,Commercial Housing,2025-10-31,,,,,,0.0,,,,,
1011,,Commercial Housing,2025-10-31,,,,,,0.0,,,,,
1012,,Commercial Housing,2025-10-31,,,,,,0.0,,,,,
1013,,Commercial Housing,2025-10-31,,,,,,0.0,,,,,
1014,,Commercial Housing,2025-10-31,,,,,,0.0,,,,,
1015,,Commercial Housing,2025-10-31,,,,,,0.0,,,,,
1016,,Commercial Housing,2025-10-31,,,,,,0.0,,,,,
1017,,Commercial Housing,2025-10-31,,,,,,0.0,,,,,
1018,,Commercial Housing,2025-10-31,,,,,,0.0,,,,,
1019,,Commercial Housing,2025-10-31,,,,,,89.0,,,,,
1020,,Commercial Housing,2025-10-31,,,,,,0.0,,,,,
1021,,Commercial Housing,2025-10-31,,,,,,100.0,,,,,
1022,,Commercial Housing,2025-10-31,,,,,,78.0,,,,,
1023,,Commercial Housing,2025-10-31,,,,,,0.0,,,,,
1024,,Commercial Housing,2025-10-31,,,,,,70.0,,,,,
1025,,Commercial Housing,2025-10-31,,,,,,0.0,,,,,
1026,,Commercial Housing,2025-10-31,,,,,,64.0,,,,,
1027,,Commercial Housing,2025-10-31,,,,,,0.0,,,,,
1028,,Commercial Housing,2025-10-31,,,,,,89.0,,,,,
1029,,Commercial Housing,2025-10-31,,,,,,0.0,,,,,
1030,,Commercial Housing,2025-10-31,,,,,,0.0,,,,,
1031,,Commercial Housing,2025-10-31,,,,,,0.0,,,,,
1032,,Commercial Housing,2025-10-31,,,,,,0.0,,,,,
1033,,Commercial Housing,2025-10-31,,,,,,58.0,,,,,
1034,,Commercial Housing,2025-10-31,,,,,,0.0,,,,,
1035,,Commercial Housing,2025-10-31,,,,,,0.0,,,,,
1036,,Commercial Housing,2025-10-31,,,,,,54.0,,,,,
1037,,Commercial Housing,2025-10-31,,,,,,60.0,,,,,
1038,,Commercial Housing,2025-10-31,,,,,,0.0,,,,,
1039,,Commercial Housing,2025-10-31,,,,,,0.0,,,,,
1040,,Commercial Housing,2025-10-31,,,,,,64.0,,,,,
1041,,Commercial Housing,2025-10-31,,,,,,0.0,,,,,
1042,,Commercial Housing,2025-10-31,,,,,,46.0,,,,,
1043,,Commercial Housing,2025-10-31,,,,,,50.0,,,,,
1044,,Commercial Housing,2025-10-31,,,,,,0.0,,,,,
1045,,Commercial Housing,2025-10-31,,,,,,0.0,,,,,
1046,,Commercial Housing,2025-10-31,,,,,,0.0,,,,,
1047,,Commercial Housing,2025-10-31,,,,,,47.0,,,,,
1048,,Commercial Housing,2025-10-31,,,,,,0.0,,,,,
1049,,Commercial Housing,2025-10-31,,,,,,0.0,,,,,
1050,,Commercial Housing,2025-10-31,,,,,,0.0,,,,,
1051,,Commercial Housing,2025-10-31,,,,,,0.0,,,,,
1052,,Commercial Housing,2025-10-31,,,,,,46.0,,,,,
1053,,Commercial Housing,2025-10-31,,,,,,0.0,,,,,
1054,,Commercial Housing,2025-10-31,,,,,,0.0,,,,,
1055,,Commercial Housing,2025-10-31,,,,,,0.0,,,,,
1056,,Commercial Housing,2025-10-31,,,,,,0.0,,,,,
1057,,Commercial Housing,2025-10-31,,,,,,58.0,,,,,
1058,,Commercial Housing,2025-10-31,,,,,,0.0,,,,,
1059,,Commercial Housing,2025-10-31,,,,,,46.0,,,,,
1060,,Commercial Housing,2025-10-31,,,,,,46.0,,,,,
1061,,Commercial Housing,2025-10-31,,,,,,0.0,,,,,
1062,,Commercial Housing,2025-10-31,,,,,,0.0,,,,,
1063,,Commercial Housing,2025-10-31,,,,,,0.0,,,,,
1064,,Commercial Housing,2025-10-31,,,,,,0.0,,,,,
1065,,Commercial Housing,2025-10-31,,,,,,0.0,,,,,
1066,,Commercial Housing,2025-10-31,,,,,,0.0,,,,,
1067,,Commercial Housing,2025-10-31,,,,,,0.0,,,,,
1068,,Commercial Housing,2025-10-31,,,,,,0.0,,,,,
1069,,Commercial Housing,2025-10-31,,,,,,45.0,,,,,
1070,,Commercial Housing,2025-10-31,,,,,,0.0,,,,,
1071,,Commercial Housing,2025-10-31,,,,,,0.0,,,,,
1072,,Commercial Housing,2025-10-31,,,,,,0.0,,,,,
1073,,Commercial Housing,2025-10-31,,,,,,0.0,,,,,
1074,,Commercial Housing,2025-10-31,,,,,,60.0,,,,,
1075,,Commercial Housing,2025-10-31,,,,,,42.0,,,,,
1076,,Commercial Housing,2025-10-31,,,,,,41.0,,,,,
1077,,Commercial Housing,2025-10-31,,,,,,54.0,,,,,
1078,,Commercial Housing,2025-10-31,,,,,,0.0,,,,,
1079,,Commercial Housing,2025-10-31,,,,,,0.0,,,,,
1080,,Commercial Housing,2025-10-31,,,,,,0.0,,,,,
1081,,Commercial Housing,2025-10-31,,,,,,0.0,,,,,
1082,,Commercial Housing,2025-10-31,,,,,,0.0,,,,,
1083,,Commercial Housing,2025-10-31,,,,,,0.0,,,,,
1084,,Commercial Housing,2025-10-31,,,,,,0.0,,,,,
1085,,Commercial Housing,2025-10-31,,,,,,0.0,,,,,
1086,,Commercial Housing,2025-10-31,,,,,,57.0,,,,,
1087,,Commercial Housing,2025-10-31,,,,,,37.0,,,,,
1088,,Commercial Housing,2025-10-31,,,,,,90.0,,,,,
1089,,Commercial Housing,2025-10-31,,,,,,47.0,,,,,
1090,,Commercial Housing,2025-10-31,,,,,,0.0,,,,,
1091,,Commercial Housing,2025-10-31,,,,,,44.0,,,,,
1092,,Commercial Housing,2025-10-31,,,,,,39.0,,,,,
1093,,Commercial Housing,2025-10-31,,,,,,64.0,,,,,
1094,,Commercial Housing,2025-10-31,,,,,,0.0,,,,,
1095,,Commercial Housing,2025-10-31,,,,,,0.0,,,,,
1096,,Commercial Housing,2025-10-31,,,,,,0.0,,,,,
1097,,Commercial Housing,2025-10-31,,,,,,55.0,,,,,
1098,,Commercial Housing,2025-10-31,,,,,,88.0,,,,,
1099,,Commercial Housing,2025-10-31,,,,,,68.0,,,,,
1100,,Commercial Housing,2025-10-31,,,,,,47.0,,,,,
1101,,Commercial Housing,2025-10-31,,,,,,46.0,,,,,
1102,,Commercial Housing,2025-10-31,,,,,,0.0,,,,,
1103,,Commercial Housing,2025-10-31,,,,,,74.0,,,,,
1104,,Commercial Housing,2025-10-31,,,,,,0.0,,,,,
1105,,Commercial Housing,2025-10-31,,,,,,0.0,,,,,
1106,,Commercial Housing,2025-10-31,,,,,,35.0,,,,,
1107,,Commercial Housing,2025-10-31,,,,,,0.0,,,,,
1108,,Commercial Housing,2025-10-31,,,,,,33.0,,,,,
1109,,Commercial Housing,2025-10-31,,,,,,0.0,,,,,
1110,,Commercial Housing,2025-10-31,,,,,,0.0,,,,,
1111,,Commercial Housing,2025-10-31,,,,,,51.0,,,,,
1112,,Commercial Housing,2025-10-31,,,,,,39.0,,,,,
1113,,Commercial Housing,2025-10-31,,,,,,0.0,,,,,
1114,,Commercial Housing,2025-10-31,,,,,,0.0,,,,,
1115,,Commercial Housing,2025-10-31,,,,,,0.0,,,,,
1116,,Commercial Housing,2025-10-31,,,,,,41.0,,,,,
1117,,Commercial Housing,2025-10-31,,,,,,28.0,,,,,
1118,,Commercial Housing,2025-10-31,,,,,,25.0,,,,,
1119,,Commercial Housing,2025-10-31,,,,,,22.0,,,,,
1120,,Commercial Housing,2025-10-31,,,,,,0.0,,,,,
1121,,Commercial Housing,2025-10-31,,,,,,0.0,,,,,
1122,,Commercial Housing,2025-10-31,,,,,,0.0,,,,,
1123,,Commercial Housing,2025-10-31,,,,,,37.0,,,,,
1124,,Commercial Housing,2025-10-31,,,,,,0.0,,,,,
1125,,Commercial Housing,2025-10-31,,,,,,0.0,,,,,
1126,,Commercial Housing,2025-10-31,,,,,,27.0,,,,,
1127,,Commercial Housing,2025-10-31,,,,,,0.0,,,,,
1128,,Commercial Housing,2025-10-31,,,,,,0.0,,,,,
1129,,Commercial Housing,2025-10-31,,,,,,0.0,,,,,
1130,,Commercial Housing,2025-10-31,,,,,,0.0,,,,,
1131,,Commercial Housing,2025-10-31,,,,,,0.0,,,,,
1132,,Commercial Housing,2025-10-31,,,,,,0.0,,,,,
1133,,Commercial Housing,2025-10-31,,,,,,23.0,,,,,
1134,,Commercial Housing,2025-10-31,,,,,,28.0,,,,,
1135,,Commercial Housing,2025-10-31,,,,,,0.0,,,,,
1136,,Commercial Housing,2025-10-31,,,,,,0.0,,,,,
1137,,Commercial Housing,2025-10-31,,,,,,34.0,,,,,
1138,,Commercial Housing,2025-10-31,,,,,,27.0,,,,,
1139,,Commercial Housing,2025-10-31,,,,,,24.0,,,,,
1140,,Commercial Housing,2025-10-31,,,,,,33.0,,,,,
1141,,Commercial Housing,2025-10-31,,,,,,0.0,,,,,
1142,,Commercial Housing,2025-10-31,,,,,,25.0,,,,,
1143,,Commercial Housing,2025-10-31,,,,,,0.0,,,,,
1144,,Commercial Housing,2025-10-31,,,,,,28.0,,,,,
1145,,Commercial Housing,2025-10-31,,,,,,26.0,,,,,
1146,,Commercial Housing,2025-10-31,,,,,,31.0,,,,,
1147,,Commercial Housing,2025-10-31,,,,,,32.0,,,,,
1148,,Commercial Housing,2025-10-31,,,,,,0.0,,,,,
1149,,Commercial Housing,2025-10-31,,,,,,33.0,,,,,
1150,,Commercial Housing,2025-10-31,,,,,,32.0,,,,,
1151,,Commercial Housing,2025-10-31,,,,,,43.0,,,,,
1152,,Commercial Housing,2025-10-31,,,,,,43.0,,,,,
1153,,Commercial Housing,2025-10-31,,,,,,0.0,,,,,
1154,,Commercial Housing,2025-10-31,,,,,,32.0,,,,,
1155,,Commercial Housing,2025-10-31,,,,,,0.0,,,,,
1156,,Commercial Housing,2025-10-31,,,,,,0.0,,,,,
1157,,Commercial Housing,2025-10-31,,,,,,33.0,,,,,
1158,,Commercial Housing,2025-10-31,,,,,,44.0,,,,,
1159,,Commercial Housing,2025-10-31,,,,,,0.0,,,,,
1160,,Commercial Housing,2025-10-31,,,,,,33.0,,,,,
1161,,Commercial Housing,2025-10-31,,,,,,17.0,,,,,
1162,,Construction,2025-10-31,,,,,,,92.0,,,,
1163,,Construction,2025-10-31,,,,,,,91.0,,,,
1164,,Construction,2025-10-31,,,,,,,89.0,,,,
1165,,Construction,2025-10-31,,,,,,,74.0,,,,
1166,,Construction,2025-10-31,,,,,,,88.0,,,,
1167,,Construction,2025-10-31,,,,,,,92.0,,,,
1168,,Construction,2025-10-31,,,,,,,85.0,,,,
1169,,Construction,2025-10-31,,,,,,,80.0,,,,
1170,,Construction,2025-10-31,,,,,,,85.0,,,,
1171,,Construction,2025-10-31,,,,,,,80.0,,,,
1172,,Construction,2025-10-31,,,,,,,92.0,,,,
1173,,Construction,2025-10-31,,,,,,,78.0,,,,
1174,,Construction,2025-10-31,,,,,,,91.0,,,,
1175,,Construction,2025-10-31,,,,,,,88.0,,,,
1176,,Construction,2025-10-31,,,,,,,88.0,,,,
1177,,Construction,2025-10-31,,,,,,,77.0,,,,
1178,,Construction,2025-10-31,,,,,,,97.0,,,,
1179,,Construction,2025-10-31,,,,,,,91.0,,,,
1180,,Construction,2025-10-31,,,,,,,100.0,,,,
1181,,Construction,2025-10-31,,,,,,,95.0,,,,
1182,,Construction,2025-10-31,,,,,,,86.0,,,,
1183,,Construction,2025-10-31,,,,,,,97.0,,,,
1184,,Construction,2025-10-31,,,,,,,85.0,,,,
1185,,Construction,2025-10-31,,,,,,,79.0,,,,
1186,,Construction,2025-10-31,,,,,,,94.0,,,,
1187,,Construction,2025-10-31,,,,,,,84.0,,,,
1188,,Construction,2025-10-31,,,,,,,89.0,,,,
1189,,Construction,2025-10-31,,,,,,,71.0,,,,
1190,,Construction,2025-10-31,,,,,,,91.0,,,,
1191,,Construction,2025-10-31,,,,,,,94.0,,,,
1192,,Construction,2025-10-31,,,,,,,98.0,,,,
1193,,Construction,2025-10-31,,,,,,,88.0,,,,
1194,,Construction,2025-10-31,,,,,,,88.0,,,,
1195,,Construction,2025-10-31,,,,,,,88.0,,,,
1196,,Construction,2025-10-31,,,,,,,91.0,,,,
1197,,Construction,2025-10-31,,,,,,,80.0,,,,
1198,,Construction,2025-10-31,,,,,,,72.0,,,,
1199,,Construction,2025-10-31,,,,,,,87.0,,,,
1200,,Construction,2025-10-31,,,,,,,84.0,,,,
1201,,Construction,2025-10-31,,,,,,,74.0,,,,
1202,,Construction,2025-10-31,,,,,,,83.0,,,,
1203,,Construction,2025-10-31,,,,,,,89.0,,,,
1204,,Construction,2025-10-31,,,,,,,78.0,,,,
1205,,Construction,2025-10-31,,,,,,,75.0,,,,
1206,,Construction,2025-10-31,,,,,,,80.0,,,,
1207,,Construction,2025-10-31,,,,,,,80.0,,,,
1208,,Construction,2025-10-31,,,,,,,81.0,,,,
1209,,Construction,2025-10-31,,,,,,,74.0,,,,
1210,,Construction,2025-10-31,,,,,,,76.0,,,,
1211,,Construction,2025-10-31,,,,,,,77.0,,,,
1212,,Construction,2025-10-31,,,,,,,69.0,,,,
1213,,Construction,2025-10-31,,,,,,,68.0,,,,
1214,,Construction,2025-10-31,,,,,,,75.0,,,,
1215,,Construction,2025-10-31,,,,,,,88.0,,,,
1216,,Construction,2025-10-31,,,,,,,73.0,,,,
1217,,Construction,2025-10-31,,,,,,,69.0,,,,
1218,,Construction,2025-10-31,,,,,,,71.0,,,,
1219,,Construction,2025-10-31,,,,,,,77.0,,,,
1220,,Construction,2025-10-31,,,,,,,72.0,,,,
1221,,Construction,2025-10-31,,,,,,,67.0,,,,
1222,,Construction,2025-10-31,,,,,,,73.0,,,,
1223,,Construction,2025-10-31,,,,,,,79.0,,,,
1224,,Construction,2025-10-31,,,,,,,82.0,,,,
1225,,Construction,2025-10-31,,,,,,,62.0,,,,
1226,,Construction,2025-10-31,,,,,,,72.0,,,,
1227,,Construction,2025-10-31,,,,,,,68.0,,,,
1228,,Construction,2025-10-31,,,,,,,77.0,,,,
1229,,Construction,2025-10-31,,,,,,,78.0,,,,
1230,,Construction,2025-10-31,,,,,,,75.0,,,,
1231,,Construction,2025-10-31,,,,,,,78.0,,,,
1232,,Construction,2025-10-31,,,,,,,84.0,,,,
1233,,Construction,2025-10-31,,,,,,,73.0,,,,
1234,,Construction,2025-10-31,,,,,,,75.0,,,,
1235,,Construction,2025-10-31,,,,,,,70.0,,,,
1236,,Construction,2025-10-31,,,,,,,74.0,,,,
1237,,Construction,2025-10-31,,,,,,,61.0,,,,
1238,,Construction,2025-10-31,,,,,,,82.0,,,,
1239,,Construction,2025-10-31,,,,,,,85.0,,,,
1240,,Construction,2025-10-31,,,,,,,86.0,,,,
1241,,Construction,2025-10-31,,,,,,,78.0,,,,
1242,,Construction,2025-10-31,,,,,,,80.0,,,,
1243,,Construction,2025-10-31,,,,,,,79.0,,,,
1244,,Construction,2025-10-31,,,,,,,78.0,,,,
1245,,Construction,2025-10-31,,,,,,,72.0,,,,
1246,,Construction,2025-10-31,,,,,,,82.0,,,,
1247,,Construction,2025-10-31,,,,,,,81.0,,,,
1248,,Construction,2025-10-31,,,,,,,80.0,,,,
1249,,Construction,2025-10-31,,,,,,,51.0,,,,
1250,,Construction,2025-10-31,,,,,,,71.0,,,,
1251,,Construction,2025-10-31,,,,,,,70.0,,,,
1252,,Construction,2025-10-31,,,,,,,81.0,,,,
1253,,Construction,2025-10-31,,,,,,,79.0,,,,
1254,,Construction,2025-10-31,,,,,,,76.0,,,,
1255,,Construction,2025-10-31,,,,,,,83.0,,,,
1256,,Construction,2025-10-31,,,,,,,74.0,,,,
1257,,Construction,2025-10-31,,,,,,,71.0,,,,
1258,,Construction,2025-10-31,,,,,,,79.0,,,,
1259,,Construction,2025-10-31,,,,,,,85.0,,,,
1260,,Construction,2025-10-31,,,,,,,52.0,,,,
1261,,Construction,2025-10-31,,,,,,,38.0,,,,
1262,,Construction,2025-10-31,,,,,,,57.0,,,,
1263,,Construction,2025-10-31,,,,,,,73.0,,,,
1264,,Construction,2025-10-31,,,,,,,77.0,,,,
1265,,Construction,2025-10-31,,,,,,,84.0,,,,
1266,,Construction,2025-10-31,,,,,,,94.0,,,,
1267,,Construction,2025-10-31,,,,,,,65.0,,,,
1268,,Construction,2025-10-31,,,,,,,59.0,,,,
1269,,Construction,2025-10-31,,,,,,,64.0,,,,
1270,,Construction,2025-10-31,,,,,,,69.0,,,,
1271,,Construction,2025-10-31,,,,,,,75.0,,,,
1272,,Construction,2025-10-31,,,,,,,78.0,,,,
1273,,Construction,2025-10-31,,,,,,,61.0,,,,
1274,,Construction,2025-10-31,,,,,,,58.0,,,,
1275,,Construction,2025-10-31,,,,,,,63.0,,,,
1276,,Construction,2025-10-31,,,,,,,68.0,,,,
1277,,Construction,2025-10-31,,,,,,,64.0,,,,
1278,,Construction,2025-10-31,,,,,,,66.0,,,,
1279,,Construction,2025-10-31,,,,,,,68.0,,,,
1280,,Construction,2025-10-31,,,,,,,71.0,,,,
1281,,Construction,2025-10-31,,,,,,,60.0,,,,
1282,,Construction,2025-10-31,,,,,,,86.0,,,,
1283,,Construction,2025-10-31,,,,,,,83.0,,,,
1284,,Construction,2025-10-31,,,,,,,88.0,,,,
1285,,Construction,2025-10-31,,,,,,,60.0,,,,
1286,,Construction,2025-10-31,,,,,,,67.0,,,,
1287,,Construction,2025-10-31,,,,,,,68.0,,,,
1288,,Construction,2025-10-31,,,,,,,59.0,,,,
1289,,Construction,2025-10-31,,,,,,,74.0,,,,
1290,,Construction,2025-10-31,,,,,,,74.0,,,,
1291,,Construction,2025-10-31,,,,,,,71.0,,,,
1292,,Construction,2025-10-31,,,,,,,74.0,,,,
1293,,Construction,2025-10-31,,,,,,,64.0,,,,
1294,,Construction,2025-10-31,,,,,,,68.0,,,,
1295,,Construction,2025-10-31,,,,,,,75.0,,,,
1296,,Construction,2025-10-31,,,,,,,68.0,,,,
1297,,Construction,2025-10-31,,,,,,,55.0,,,,
1298,,Construction,2025-10-31,,,,,,,69.0,,,,
1299,,Construction,2025-10-31,,,,,,,65.0,,,,
1300,,Construction,2025-10-31,,,,,,,65.0,,,,
1301,,Construction,2025-10-31,,,,,,,69.0,,,,
1302,,Construction,2025-10-31,,,,,,,65.0,,,,
1303,,Construction,2025-10-31,,,,,,,61.0,,,,
1304,,Construction,2025-10-31,,,,,,,64.0,,,,
1305,,Construction,2025-10-31,,,,,,,61.0,,,,
1306,,Construction,2025-10-31,,,,,,,68.0,,,,
1307,,Construction,2025-10-31,,,,,,,67.0,,,,
1308,,Construction,2025-10-31,,,,,,,63.0,,,,
1309,,Construction,2025-10-31,,,,,,,55.0,,,,
1310,,Construction,2025-10-31,,,,,,,59.0,,,,
1311,,Construction,2025-10-31,,,,,,,58.0,,,,
1312,,Construction,2025-10-31,,,,,,,64.0,,,,
1313,,Construction,2025-10-31,,,,,,,60.0,,,,
1314,,Construction,2025-10-31,,,,,,,54.0,,,,
1315,,Construction,2025-10-31,,,,,,,58.0,,,,
1316,,Construction,2025-10-31,,,,,,,54.0,,,,
1317,,Construction,2025-10-31,,,,,,,54.0,,,,
1318,,Construction,2025-10-31,,,,,,,61.0,,,,
1319,,Construction,2025-10-31,,,,,,,59.0,,,,
1320,,Construction,2025-10-31,,,,,,,59.0,,,,
1321,,Construction,2025-10-31,,,,,,,52.0,,,,
1322,,Construction,2025-10-31,,,,,,,53.0,,,,
1323,,Construction,2025-10-31,,,,,,,61.0,,,,
1324,,Construction,2025-10-31,,,,,,,64.0,,,,
1325,,Construction,2025-10-31,,,,,,,60.0,,,,
1326,,Construction,2025-10-31,,,,,,,57.0,,,,
1327,,Construction,2025-10-31,,,,,,,57.0,,,,
1328,,Cosmetics,2025-10-31,,,,,,,,61.0,,,
1329,,Cosmetics,2025-10-31,,,,,,,,58.0,,,
1330,,Cosmetics,2025-10-31,,,,,,,,47.0,,,
1331,,Cosmetics,2025-10-31,,,,,,,,43.0,,,
1332,,Cosmetics,2025-10-31,,,,,,,,51.0,,,
1333,,Cosmetics,2025-10-31,,,,,,,,55.0,,,
1334,,Cosmetics,2025-10-31,,,,,,,,52.0,,,
1335,,Cosmetics,2025-10-31,,,,,,,,56.0,,,
1336,,Cosmetics,2025-10-31,,,,,,,,48.0,,,
1337,,Cosmetics,2025-10-31,,,,,,,,55.0,,,
1338,,Cosmetics,2025-10-31,,,,,,,,51.0,,,
1339,,Cosmetics,2025-10-31,,,,,,,,46.0,,,
1340,,Cosmetics,2025-10-31,,,,,,,,51.0,,,
1341,,Cosmetics,2025-10-31,,,,,,,,51.0,,,
1342,,Cosmetics,2025-10-31,,,,,,,,52.0,,,
1343,,Cosmetics,2025-10-31,,,,,,,,38.0,,,
1344,,Cosmetics,2025-10-31,,,,,,,,43.0,,,
1345,,Cosmetics,2025-10-31,,,,,,,,42.0,,,
1346,,Cosmetics,2025-10-31,,,,,,,,47.0,,,
1347,,Cosmetics,2025-10-31,,,,,,,,46.0,,,
1348,,Cosmetics,2025-10-31,,,,,,,,43.0,,,
1349,,Cosmetics,2025-10-31,,,,,,,,41.0,,,
1350,,Cosmetics,2025-10-31,,,,,,,,46.0,,,
1351,,Cosmetics,2025-10-31,,,,,,,,39.0,,,
1352,,Cosmetics,2025-10-31,,,,,,,,40.0,,,
1353,,Cosmetics,2025-10-31,,,,,,,,43.0,,,
1354,,Cosmetics,2025-10-31,,,,,,,,43.0,,,
1355,,Cosmetics,2025-10-31,,,,,,,,38.0,,,
1356,,Cosmetics,2025-10-31,,,,,,,,39.0,,,
1357,,Cosmetics,2025-10-31,,,,,,,,43.0,,,
1358,,Cosmetics,2025-10-31,,,,,,,,43.0,,,
1359,,Cosmetics,2025-10-31,,,,,,,,48.0,,,
1360,,Cosmetics,2025-10-31,,,,,,,,42.0,,,
1361,,Cosmetics,2025-10-31,,,,,,,,45.0,,,
1362,,Cosmetics,2025-10-31,,,,,,,,42.0,,,
1363,,Cosmetics,2025-10-31,,,,,,,,43.0,,,
1364,,Cosmetics,2025-10-31,,,,,,,,46.0,,,
1365,,Cosmetics,2025-10-31,,,,,,,,47.0,,,
1366,,Cosmetics,2025-10-31,,,,,,,,47.0,,,
1367,,Cosmetics,2025-10-31,,,,,,,,43.0,,,
1368,,Cosmetics,2025-10-31,,,,,,,,59.0,,,
1369,,Cosmetics,2025-10-31,,,,,,,,54.0,,,
1370,,Cosmetics,2025-10-31,,,,,,,,49.0,,,
1371,,Cosmetics,2025-10-31,,,,,,,,48.0,,,
1372,,Cosmetics,2025-10-31,,,,,,,,47.0,,,
1373,,Cosmetics,2025-10-31,,,,,,,,48.0,,,
1374,,Cosmetics,2025-10-31,,,,,,,,62.0,,,
1375,,Cosmetics,2025-10-31,,,,,,,,53.0,,,
1376,,Cosmetics,2025-10-31,,,,,,,,43.0,,,
1377,,Cosmetics,2025-10-31,,,,,,,,47.0,,,
1378,,Cosmetics,2025-10-31,,,,,,,,51.0,,,
1379,,Cosmetics,2025-10-31,,,,,,,,47.0,,,
1380,,Cosmetics,2025-10-31,,,,,,,,43.0,,,
1381,,Cosmetics,2025-10-31,,,,,,,,48.0,,,
1382,,Cosmetics,2025-10-31,,,,,,,,47.0,,,
1383,,Cosmetics,2025-10-31,,,,,,,,46.0,,,
1384,,Cosmetics,2025-10-31,,,,,,,,53.0,,,
1385,,Cosmetics,2025-10-31,,,,,,,,55.0,,,
1386,,Cosmetics,2025-10-31,,,,,,,,59.0,,,
1387,,Cosmetics,2025-10-31,,,,,,,,41.0,,,
1388,,Cosmetics,2025-10-31,,,,,,,,44.0,,,
1389,,Cosmetics,2025-10-31,,,,,,,,44.0,,,
1390,,Cosmetics,2025-10-31,,,,,,,,47.0,,,
1391,,Cosmetics,2025-10-31,,,,,,,,41.0,,,
1392,,Cosmetics,2025-10-31,,,,,,,,43.0,,,
1393,,Cosmetics,2025-10-31,,,,,,,,51.0,,,
1394,,Cosmetics,2025-10-31,,,,,,,,46.0,,,
1395,,Cosmetics,2025-10-31,,,,,,,,47.0,,,
1396,,Cosmetics,2025-10-31,,,,,,,,49.0,,,
1397,,Cosmetics,2025-10-31,,,,,,,,45.0,,,
1398,,Cosmetics,2025-10-31,,,,,,,,51.0,,,
1399,,Cosmetics,2025-10-31,,,,,,,,49.0,,,
1400,,Cosmetics,2025-10-31,,,,,,,,55.0,,,
1401,,Cosmetics,2025-10-31,,,,,,,,47.0,,,
1402,,Cosmetics,2025-10-31,,,,,,,,48.0,,,
1403,,Cosmetics,2025-10-31,,,,,,,,49.0,,,
1404,,Cosmetics,2025-10-31,,,,,,,,57.0,,,
1405,,Cosmetics,2025-10-31,,,,,,,,54.0,,,
1406,,Cosmetics,2025-10-31,,,,,,,,54.0,,,
1407,,Cosmetics,2025-10-31,,,,,,,,50.0,,,
1408,,Cosmetics,2025-10-31,,,,,,,,52.0,,,
1409,,Cosmetics,2025-10-31,,,,,,,,51.0,,,
1410,,Cosmetics,2025-10-31,,,,,,,,58.0,,,
1411,,Cosmetics,2025-10-31,,,,,,,,54.0,,,
1412,,Cosmetics,2025-10-31,,,,,,,,54.0,,,
1413,,Cosmetics,2025-10-31,,,,,,,,49.0,,,
1414,,Cosmetics,2025-10-31,,,,,,,,52.0,,,
1415,,Cosmetics,2025-10-31,,,,,,,,42.0,,,
1416,,Cosmetics,2025-10-31,,,,,,,,50.0,,,
1417,,Cosmetics,2025-10-31,,,,,,,,50.0,,,
1418,,Cosmetics,2025-10-31,,,,,,,,55.0,,,
1419,,Cosmetics,2025-10-31,,,,,,,,65.0,,,
1420,,Cosmetics,2025-10-31,,,,,,,,57.0,,,
1421,,Cosmetics,2025-10-31,,,,,,,,60.0,,,
1422,,Cosmetics,2025-10-31,,,,,,,,67.0,,,
1423,,Cosmetics,2025-10-31,,,,,,,,57.0,,,
1424,,Cosmetics,2025-10-31,,,,,,,,55.0,,,
1425,,Cosmetics,2025-10-31,,,,,,,,56.0,,,
1426,,Cosmetics,2025-10-31,,,,,,,,43.0,,,
1427,,Cosmetics,2025-10-31,,,,,,,,41.0,,,
1428,,Cosmetics,2025-10-31,,,,,,,,58.0,,,
1429,,Cosmetics,2025-10-31,,,,,,,,60.0,,,
1430,,Cosmetics,2025-10-31,,,,,,,,60.0,,,
1431,,Cosmetics,2025-10-31,,,,,,,,70.0,,,
1432,,Cosmetics,2025-10-31,,,,,,,,66.0,,,
1433,,Cosmetics,2025-10-31,,,,,,,,55.0,,,
1434,,Cosmetics,2025-10-31,,,,,,,,64.0,,,
1435,,Cosmetics,2025-10-31,,,,,,,,71.0,,,
1436,,Cosmetics,2025-10-31,,,,,,,,74.0,,,
1437,,Cosmetics,2025-10-31,,,,,,,,77.0,,,
1438,,Cosmetics,2025-10-31,,,,,,,,72.0,,,
1439,,Cosmetics,2025-10-31,,,,,,,,64.0,,,
1440,,Cosmetics,2025-10-31,,,,,,,,54.0,,,
1441,,Cosmetics,2025-10-31,,,,,,,,71.0,,,
1442,,Cosmetics,2025-10-31,,,,,,,,64.0,,,
1443,,Cosmetics,2025-10-31,,,,,,,,71.0,,,
1444,,Cosmetics,2025-10-31,,,,,,,,72.0,,,
1445,,Cosmetics,2025-10-31,,,,,,,,63.0,,,
1446,,Cosmetics,2025-10-31,,,,,,,,66.0,,,
1447,,Cosmetics,2025-10-31,,,,,,,,80.0,,,
1448,,Cosmetics,2025-10-31,,,,,,,,74.0,,,
1449,,Cosmetics,2025-10-31,,,,,,,,72.0,,,
1450,,Cosmetics,2025-10-31,,,,,,,,72.0,,,
1451,,Cosmetics,2025-10-31,,,,,,,,66.0,,,
1452,,Cosmetics,2025-10-31,,,,,,,,69.0,,,
1453,,Cosmetics,2025-10-31,,,,,,,,61.0,,,
1454,,Cosmetics,2025-10-31,,,,,,,,65.0,,,
1455,,Cosmetics,2025-10-31,,,,,,,,67.0,,,
1456,,Cosmetics,2025-10-31,,,,,,,,70.0,,,
1457,,Cosmetics,2025-10-31,,,,,,,,68.0,,,
1458,,Cosmetics,2025-10-31,,,,,,,,84.0,,,
1459,,Cosmetics,2025-10-31,,,,,,,,79.0,,,
1460,,Cosmetics,2025-10-31,,,,,,,,76.0,,,
1461,,Cosmetics,2025-10-31,,,,,,,,77.0,,,
1462,,Cosmetics,2025-10-31,,,,,,,,77.0,,,
1463,,Cosmetics,2025-10-31,,,,,,,,72.0,,,
1464,,Cosmetics,2025-10-31,,,,,,,,81.0,,,
1465,,Cosmetics,2025-10-31,,,,,,,,72.0,,,
1466,,Cosmetics,2025-10-31,,,,,,,,73.0,,,
1467,,Cosmetics,2025-10-31,,,,,,,,76.0,,,
1468,,Cosmetics,2025-10-31,,,,,,,,65.0,,,
1469,,Cosmetics,2025-10-31,,,,,,,,72.0,,,
1470,,Cosmetics,2025-10-31,,,,,,,,81.0,,,
1471,,Cosmetics,2025-10-31,,,,,,,,81.0,,,
1472,,Cosmetics,2025-10-31,,,,,,,,74.0,,,
1473,,Cosmetics,2025-10-31,,,,,,,,77.0,,,
1474,,Cosmetics,2025-10-31,,,,,,,,79.0,,,
1475,,Cosmetics,2025-10-31,,,,,,,,84.0,,,
1476,,Cosmetics,2025-10-31,,,,,,,,81.0,,,
1477,,Cosmetics,2025-10-31,,,,,,,,100.0,,,
1478,,Cosmetics,2025-10-31,,,,,,,,77.0,,,
1479,,Cosmetics,2025-10-31,,,,,,,,80.0,,,
1480,,Cosmetics,2025-10-31,,,,,,,,76.0,,,
1481,,Cosmetics,2025-10-31,,,,,,,,77.0,,,
1482,,Cosmetics,2025-10-31,,,,,,,,87.0,,,
1483,,Cosmetics,2025-10-31,,,,,,,,85.0,,,
1484,,Cosmetics,2025-10-31,,,,,,,,85.0,,,
1485,,Cosmetics,2025-10-31,,,,,,,,83.0,,,
1486,,Cosmetics,2025-10-31,,,,,,,,82.0,,,
1487,,Cosmetics,2025-10-31,,,,,,,,83.0,,,
1488,,Cosmetics,2025-10-31,,,,,,,,88.0,,,
1489,,Cosmetics,2025-10-31,,,,,,,,91.0,,,
1490,,Cosmetics,2025-10-31,,,,,,,,87.0,,,
1491,,Cosmetics,2025-10-31,,,,,,,,83.0,,,
1492,,Cosmetics,2025-10-31,,,,,,,,82.0,,,
1493,,Cosmetics,2025-10-31,,,,,,,,81.0,,,
1494,,Culture,2025-10-31,,,,,,,,,83.0,,
1495,,Culture,2025-10-31,,,,,,,,,95.0,,
1496,,Culture,2025-10-31,,,,,,,,,100.0,,
1497,,Culture,2025-10-31,,,,,,,,,59.0,,
1498,,Culture,2025-10-31,,,,,,,,,89.0,,
1499,,Culture,2025-10-31,,,,,,,,,78.0,,
1500,,Culture,2025-10-31,,,,,,,,,77.0,,
1501,,Culture,2025-10-31,,,,,,,,,70.0,,
1502,,Culture,2025-10-31,,,,,,,,,74.0,,
1503,,Culture,2025-10-31,,,,,,,,,70.0,,
1504,,Culture,2025-10-31,,,,,,,,,81.0,,
1505,,Culture,2025-10-31,,,,,,,,,64.0,,
1506,,Culture,2025-10-31,,,,,,,,,69.0,,
1507,,Culture,2025-10-31,,,,,,,,,78.0,,
1508,,Culture,2025-10-31,,,,,,,,,79.0,,
1509,,Culture,2025-10-31,,,,,,,,,63.0,,
1510,,Culture,2025-10-31,,,,,,,,,75.0,,
1511,,Culture,2025-10-31,,,,,,,,,73.0,,
1512,,Culture,2025-10-31,,,,,,,,,71.0,,
1513,,Culture,2025-10-31,,,,,,,,,69.0,,
1514,,Culture,2025-10-31,,,,,,,,,79.0,,
1515,,Culture,2025-10-31,,,,,,,,,76.0,,
1516,,Culture,2025-10-31,,,,,,,,,70.0,,
1517,,Culture,2025-10-31,,,,,,,,,57.0,,
1518,,Culture,2025-10-31,,,,,,,,,65.0,,
1519,,Culture,2025-10-31,,,,,,,,,75.0,,
1520,,Culture,2025-10-31,,,,,,,,,72.0,,
1521,,Culture,2025-10-31,,,,,,,,,63.0,,
1522,,Culture,2025-10-31,,,,,,,,,68.0,,
1523,,Culture,2025-10-31,,,,,,,,,71.0,,
1524,,Culture,2025-10-31,,,,,,,,,73.0,,
1525,,Culture,2025-10-31,,,,,,,,,67.0,,
1526,,Culture,2025-10-31,,,,,,,,,72.0,,
1527,,Culture,2025-10-31,,,,,,,,,65.0,,
1528,,Culture,2025-10-31,,,,,,,,,73.0,,
1529,,Culture,2025-10-31,,,,,,,,,52.0,,
1530,,Culture,2025-10-31,,,,,,,,,51.0,,
1531,,Culture,2025-10-31,,,,,,,,,64.0,,
1532,,Culture,2025-10-31,,,,,,,,,68.0,,
1533,,Culture,2025-10-31,,,,,,,,,50.0,,
1534,,Culture,2025-10-31,,,,,,,,,73.0,,
1535,,Culture,2025-10-31,,,,,,,,,62.0,,
1536,,Culture,2025-10-31,,,,,,,,,60.0,,
1537,,Culture,2025-10-31,,,,,,,,,62.0,,
1538,,Culture,2025-10-31,,,,,,,,,63.0,,
1539,,Culture,2025-10-31,,,,,,,,,62.0,,
1540,,Culture,2025-10-31,,,,,,,,,63.0,,
1541,,Culture,2025-10-31,,,,,,,,,53.0,,
1542,,Culture,2025-10-31,,,,,,,,,59.0,,
1543,,Culture,2025-10-31,,,,,,,,,63.0,,
1544,,Culture,2025-10-31,,,,,,,,,60.0,,
1545,,Culture,2025-10-31,,,,,,,,,53.0,,
1546,,Culture,2025-10-31,,,,,,,,,61.0,,
1547,,Culture,2025-10-31,,,,,,,,,59.0,,
1548,,Culture,2025-10-31,,,,,,,,,55.0,,
1549,,Culture,2025-10-31,,,,,,,,,52.0,,
1550,,Culture,2025-10-31,,,,,,,,,57.0,,
1551,,Culture,2025-10-31,,,,,,,,,56.0,,
1552,,Culture,2025-10-31,,,,,,,,,54.0,,
1553,,Culture,2025-10-31,,,,,,,,,47.0,,
1554,,Culture,2025-10-31,,,,,,,,,54.0,,
1555,,Culture,2025-10-31,,,,,,,,,61.0,,
1556,,Culture,2025-10-31,,,,,,,,,56.0,,
1557,,Culture,2025-10-31,,,,,,,,,47.0,,
1558,,Culture,2025-10-31,,,,,,,,,55.0,,
1559,,Culture,2025-10-31,,,,,,,,,57.0,,
1560,,Culture,2025-10-31,,,,,,,,,52.0,,
1561,,Culture,2025-10-31,,,,,,,,,57.0,,
1562,,Culture,2025-10-31,,,,,,,,,63.0,,
1563,,Culture,2025-10-31,,,,,,,,,60.0,,
1564,,Culture,2025-10-31,,,,,,,,,62.0,,
1565,,Culture,2025-10-31,,,,,,,,,50.0,,
1566,,Culture,2025-10-31,,,,,,,,,57.0,,
1567,,Culture,2025-10-31,,,,,,,,,60.0,,
1568,,Culture,2025-10-31,,,,,,,,,56.0,,
1569,,Culture,2025-10-31,,,,,,,,,46.0,,
1570,,Culture,2025-10-31,,,,,,,,,63.0,,
1571,,Culture,2025-10-31,,,,,,,,,63.0,,
1572,,Culture,2025-10-31,,,,,,,,,57.0,,
1573,,Culture,2025-10-31,,,,,,,,,60.0,,
1574,,Culture,2025-10-31,,,,,,,,,61.0,,
1575,,Culture,2025-10-31,,,,,,,,,67.0,,
1576,,Culture,2025-10-31,,,,,,,,,57.0,,
1577,,Culture,2025-10-31,,,,,,,,,61.0,,
1578,,Culture,2025-10-31,,,,,,,,,61.0,,
1579,,Culture,2025-10-31,,,,,,,,,64.0,,
1580,,Culture,2025-10-31,,,,,,,,,66.0,,
1581,,Culture,2025-10-31,,,,,,,,,46.0,,
1582,,Culture,2025-10-31,,,,,,,,,49.0,,
1583,,Culture,2025-10-31,,,,,,,,,62.0,,
1584,,Culture,2025-10-31,,,,,,,,,67.0,,
1585,,Culture,2025-10-31,,,,,,,,,63.0,,
1586,,Culture,2025-10-31,,,,,,,,,63.0,,
1587,,Culture,2025-10-31,,,,,,,,,59.0,,
1588,,Culture,2025-10-31,,,,,,,,,61.0,,
1589,,Culture,2025-10-31,,,,,,,,,58.0,,
1590,,Culture,2025-10-31,,,,,,,,,64.0,,
1591,,Culture,2025-10-31,,,,,,,,,68.0,,
1592,,Culture,2025-10-31,,,,,,,,,54.0,,
1593,,Culture,2025-10-31,,,,,,,,,42.0,,
1594,,Culture,2025-10-31,,,,,,,,,51.0,,
1595,,Culture,2025-10-31,,,,,,,,,57.0,,
1596,,Culture,2025-10-31,,,,,,,,,48.0,,
1597,,Culture,2025-10-31,,,,,,,,,59.0,,
1598,,Culture,2025-10-31,,,,,,,,,72.0,,
1599,,Culture,2025-10-31,,,,,,,,,46.0,,
1600,,Culture,2025-10-31,,,,,,,,,52.0,,
1601,,Culture,2025-10-31,,,,,,,,,50.0,,
1602,,Culture,2025-10-31,,,,,,,,,53.0,,
1603,,Culture,2025-10-31,,,,,,,,,52.0,,
1604,,Culture,2025-10-31,,,,,,,,,58.0,,
1605,,Culture,2025-10-31,,,,,,,,,50.0,,
1606,,Culture,2025-10-31,,,,,,,,,52.0,,
1607,,Culture,2025-10-31,,,,,,,,,50.0,,
1608,,Culture,2025-10-31,,,,,,,,,52.0,,
1609,,Culture,2025-10-31,,,,,,,,,48.0,,
1610,,Culture,2025-10-31,,,,,,,,,54.0,,
1611,,Culture,2025-10-31,,,,,,,,,50.0,,
1612,,Culture,2025-10-31,,,,,,,,,54.0,,
1613,,Culture,2025-10-31,,,,,,,,,54.0,,
1614,,Culture,2025-10-31,,,,,,,,,76.0,,
1615,,Culture,2025-10-31,,,,,,,,,81.0,,
1616,,Culture,2025-10-31,,,,,,,,,75.0,,
1617,,Culture,2025-10-31,,,,,,,,,64.0,,
1618,,Culture,2025-10-31,,,,,,,,,71.0,,
1619,,Culture,2025-10-31,,,,,,,,,71.0,,
1620,,Culture,2025-10-31,,,,,,,,,66.0,,
1621,,Culture,2025-10-31,,,,,,,,,78.0,,
1622,,Culture,2025-10-31,,,,,,,,,91.0,,
1623,,Culture,2025-10-31,,,,,,,,,81.0,,
1624,,Culture,2025-10-31,,,,,,,,,75.0,,
1625,,Culture,2025-10-31,,,,,,,,,65.0,,
1626,,Culture,2025-10-31,,,,,,,,,73.0,,
1627,,Culture,2025-10-31,,,,,,,,,71.0,,
1628,,Culture,2025-10-31,,,,,,,,,70.0,,
1629,,Culture,2025-10-31,,,,,,,,,58.0,,
1630,,Culture,2025-10-31,,,,,,,,,76.0,,
1631,,Culture,2025-10-31,,,,,,,,,79.0,,
1632,,Culture,2025-10-31,,,,,,,,,72.0,,
1633,,Culture,2025-10-31,,,,,,,,,74.0,,
1634,,Culture,2025-10-31,,,,,,,,,74.0,,
1635,,Culture,2025-10-31,,,,,,,,,66.0,,
1636,,Culture,2025-10-31,,,,,,,,,65.0,,
1637,,Culture,2025-10-31,,,,,,,,,64.0,,
1638,,Culture,2025-10-31,,,,,,,,,65.0,,
1639,,Culture,2025-10-31,,,,,,,,,65.0,,
1640,,Culture,2025-10-31,,,,,,,,,65.0,,
1641,,Culture,2025-10-31,,,,,,,,,60.0,,
1642,,Culture,2025-10-31,,,,,,,,,63.0,,
1643,,Culture,2025-10-31,,,,,,,,,64.0,,
1644,,Culture,2025-10-31,,,,,,,,,65.0,,
1645,,Culture,2025-10-31,,,,,,,,,63.0,,
1646,,Culture,2025-10-31,,,,,,,,,60.0,,
1647,,Culture,2025-10-31,,,,,,,,,65.0,,
1648,,Culture,2025-10-31,,,,,,,,,63.0,,
1649,,Culture,2025-10-31,,,,,,,,,50.0,,
1650,,Culture,2025-10-31,,,,,,,,,57.0,,
1651,,Culture,2025-10-31,,,,,,,,,53.0,,
1652,,Culture,2025-10-31,,,,,,,,,56.0,,
1653,,Culture,2025-10-31,,,,,,,,,47.0,,
1654,,Culture,2025-10-31,,,,,,,,,49.0,,
1655,,Culture,2025-10-31,,,,,,,,,51.0,,
1656,,Culture,2025-10-31,,,,,,,,,50.0,,
1657,,Culture,2025-10-31,,,,,,,,,52.0,,
1658,,Culture,2025-10-31,,,,,,,,,52.0,,
1659,,Culture,2025-10-31,,,,,,,,,48.0,,
1660,,Deposit Rates,2025-10-31,,,,,,,,,,4.0,
1661,,Deposit Rates,2025-10-31,,,,,,,,,,7.0,
1662,,Deposit Rates,2025-10-31,,,,,,,,,,8.0,
1663,,Deposit Rates,2025-10-31,,,,,,,,,,12.0,
1664,,Deposit Rates,2025-10-31,,,,,,,,,,8.0,
1665,,Deposit Rates,2025-10-31,,,,,,,,,,7.0,
1666,,Deposit Rates,2025-10-31,,,,,,,,,,7.0,
1667,,Deposit Rates,2025-10-31,,,,,,,,,,10.0,
1668,,Deposit Rates,2025-10-31,,,,,,,,,,10.0,
1669,,Deposit Rates,2025-10-31,,,,,,,,,,9.0,
1670,,Deposit Rates,2025-10-31,,,,,,,,,,8.0,
1671,,Deposit Rates,2025-10-31,,,,,,,,,,5.0,
1672,,Deposit Rates,2025-10-31,,,,,,,,,,9.0,
1673,,Deposit Rates,2025-10-31,,,,,,,,,,10.0,
1674,,Deposit Rates,2025-10-31,,,,,,,,,,10.0,
1675,,Deposit Rates,2025-10-31,,,,,,,,,,11.0,
1676,,Deposit Rates,2025-10-31,,,,,,,,,,9.0,
1677,,Deposit Rates,2025-10-31,,,,,,,,,,9.0,
1678,,Deposit Rates,2025-10-31,,,,,,,,,,7.0,
1679,,Deposit Rates,2025-10-31,,,,,,,,,,7.0,
1680,,Deposit Rates,2025-10-31,,,,,,,,,,8.0,
1681,,Deposit Rates,2025-10-31,,,,,,,,,,7.0,
1682,,Deposit Rates,2025-10-31,,,,,,,,,,8.0,
1683,,Deposit Rates,2025-10-31,,,,,,,,,,9.0,
1684,,Deposit Rates,2025-10-31,,,,,,,,,,10.0,
1685,,Deposit Rates,2025-10-31,,,,,,,,,,10.0,
1686,,Deposit Rates,2025-10-31,,,,,,,,,,8.0,
1687,,Deposit Rates,2025-10-31,,,,,,,,,,12.0,
1688,,Deposit Rates,2025-10-31,,,,,,,,,,11.0,
1689,,Deposit Rates,2025-10-31,,,,,,,,,,11.0,
1690,,Deposit Rates,2025-10-31,,,,,,,,,,9.0,
1691,,Deposit Rates,2025-10-31,,,,,,,,,,9.0,
1692,,Deposit Rates,2025-10-31,,,,,,,,,,10.0,
1693,,Deposit Rates,2025-10-31,,,,,,,,,,12.0,
1694,,Deposit Rates,2025-10-31,,,,,,,,,,11.0,
1695,,Deposit Rates,2025-10-31,,,,,,,,,,7.0,
1696,,Deposit Rates,2025-10-31,,,,,,,,,,9.0,
1697,,Deposit Rates,2025-10-31,,,,,,,,,,11.0,
1698,,Deposit Rates,2025-10-31,,,,,,,,,,12.0,
1699,,Deposit Rates,2025-10-31,,,,,,,,,,12.0,
1700,,Deposit Rates,2025-10-31,,,,,,,,,,8.0,
1701,,Deposit Rates,2025-10-31,,,,,,,,,,8.0,
1702,,Deposit Rates,2025-10-31,,,,,,,,,,8.0,
1703,,Deposit Rates,2025-10-31,,,,,,,,,,7.0,
1704,,Deposit Rates,2025-10-31,,,,,,,,,,10.0,
1705,,Deposit Rates,2025-10-31,,,,,,,,,,10.0,
1706,,Deposit Rates,2025-10-31,,,,,,,,,,9.0,
1707,,Deposit Rates,2025-10-31,,,,,,,,,,9.0,
1708,,Deposit Rates,2025-10-31,,,,,,,,,,10.0,
1709,,Deposit Rates,2025-10-31,,,,,,,,,,9.0,
1710,,Deposit Rates,2025-10-31,,,,,,,,,,9.0,
1711,,Deposit Rates,2025-10-31,,,,,,,,,,11.0,
1712,,Deposit Rates,2025-10-31,,,,,,,,,,13.0,
1713,,Deposit Rates,2025-10-31,,,,,,,,,,11.0,
1714,,Deposit Rates,2025-10-31,,,,,,,,,,12.0,
1715,,Deposit Rates,2025-10-31,,,,,,,,,,12.0,
1716,,Deposit Rates,2025-10-31,,,,,,,,,,10.0,
1717,,Deposit Rates,2025-10-31,,,,,,,,,,10.0,
1718,,Deposit Rates,2025-10-31,,,,,,,,,,10.0,
1719,,Deposit Rates,2025-10-31,,,,,,,,,,10.0,
1720,,Deposit Rates,2025-10-31,,,,,,,,,,13.0,
1721,,Deposit Rates,2025-10-31,,,,,,,,,,12.0,
1722,,Deposit Rates,2025-10-31,,,,,,,,,,15.0,
1723,,Deposit Rates,2025-10-31,,,,,,,,,,16.0,
1724,,Deposit Rates,2025-10-31,,,,,,,,,,14.0,
1725,,Deposit Rates,2025-10-31,,,,,,,,,,15.0,
1726,,Deposit Rates,2025-10-31,,,,,,,,,,15.0,
1727,,Deposit Rates,2025-10-31,,,,,,,,,,15.0,
1728,,Deposit Rates,2025-10-31,,,,,,,,,,14.0,
1729,,Deposit Rates,2025-10-31,,,,,,,,,,14.0,
1730,,Deposit Rates,2025-10-31,,,,,,,,,,14.0,
1731,,Deposit Rates,2025-10-31,,,,,,,,,,14.0,
1732,,Deposit Rates,2025-10-31,,,,,,,,,,14.0,
1733,,Deposit Rates,2025-10-31,,,,,,,,,,14.0,
1734,,Deposit Rates,2025-10-31,,,,,,,,,,17.0,
1735,,Deposit Rates,2025-10-31,,,,,,,,,,19.0,
1736,,Deposit Rates,2025-10-31,,,,,,,,,,15.0,
1737,,Deposit Rates,2025-10-31,,,,,,,,,,15.0,
1738,,Deposit Rates,2025-10-31,,,,,,,,,,14.0,
1739,,Deposit Rates,2025-10-31,,,,,,,,,,15.0,
1740,,Deposit Rates,2025-10-31,,,,,,,,,,13.0,
1741,,Deposit Rates,2025-10-31,,,,,,,,,,12.0,
1742,,Deposit Rates,2025-10-31,,,,,,,,,,15.0,
1743,,Deposit Rates,2025-10-31,,,,,,,,,,16.0,
1744,,Deposit Rates,2025-10-31,,,,,,,,,,18.0,
1745,,Deposit Rates,2025-10-31,,,,,,,,,,15.0,
1746,,Deposit Rates,2025-10-31,,,,,,,,,,14.0,
1747,,Deposit Rates,2025-10-31,,,,,,,,,,14.0,
1748,,Deposit Rates,2025-10-31,,,,,,,,,,17.0,
1749,,Deposit Rates,2025-10-31,,,,,,,,,,15.0,
1750,,Deposit Rates,2025-10-31,,,,,,,,,,21.0,
1751,,Deposit Rates,2025-10-31,,,,,,,,,,16.0,
1752,,Deposit Rates,2025-10-31,,,,,,,,,,20.0,
1753,,Deposit Rates,2025-10-31,,,,,,,,,,18.0,
1754,,Deposit Rates,2025-10-31,,,,,,,,,,16.0,
1755,,Deposit Rates,2025-10-31,,,,,,,,,,21.0,
1756,,Deposit Rates,2025-10-31,,,,,,,,,,20.0,
1757,,Deposit Rates,2025-10-31,,,,,,,,,,22.0,
1758,,Deposit Rates,2025-10-31,,,,,,,,,,14.0,
1759,,Deposit Rates,2025-10-31,,,,,,,,,,12.0,
1760,,Deposit Rates,2025-10-31,,,,,,,,,,21.0,
1761,,Deposit Rates,2025-10-31,,,,,,,,,,27.0,
1762,,Deposit Rates,2025-10-31,,,,,,,,,,33.0,
1763,,Deposit Rates,2025-10-31,,,,,,,,,,31.0,
1764,,Deposit Rates,2025-10-31,,,,,,,,,,27.0,
1765,,Deposit Rates,2025-10-31,,,,,,,,,,23.0,
1766,,Deposit Rates,2025-10-31,,,,,,,,,,20.0,
1767,,Deposit Rates,2025-10-31,,,,,,,,,,24.0,
1768,,Deposit Rates,2025-10-31,,,,,,,,,,24.0,
1769,,Deposit Rates,2025-10-31,,,,,,,,,,25.0,
1770,,Deposit Rates,2025-10-31,,,,,,,,,,23.0,
1771,,Deposit Rates,2025-10-31,,,,,,,,,,20.0,
1772,,Deposit Rates,2025-10-31,,,,,,,,,,15.0,
1773,,Deposit Rates,2025-10-31,,,,,,,,,,14.0,
1774,,Deposit Rates,2025-10-31,,,,,,,,,,19.0,
1775,,Deposit Rates,2025-10-31,,,,,,,,,,17.0,
1776,,Deposit Rates,2025-10-31,,,,,,,,,,16.0,
1777,,Deposit Rates,2025-10-31,,,,,,,,,,16.0,
1778,,Deposit Rates,2025-10-31,,,,,,,,,,18.0,
1779,,Deposit Rates,2025-10-31,,,,,,,,,,15.0,
1780,,Deposit Rates,2025-10-31,,,,,,,,,,23.0,
1781,,Deposit Rates,2025-10-31,,,,,,,,,,21.0,
1782,,Deposit Rates,2025-10-31,,,,,,,,,,31.0,
1783,,Deposit Rates,2025-10-31,,,,,,,,,,100.0,
1784,,Deposit Rates,2025-10-31,,,,,,,,,,77.0,
1785,,Deposit Rates,2025-10-31,,,,,,,,,,50.0,
1786,,Deposit Rates,2025-10-31,,,,,,,,,,54.0,
1787,,Deposit Rates,2025-10-31,,,,,,,,,,75.0,
1788,,Deposit Rates,2025-10-31,,,,,,,,,,59.0,
1789,,Deposit Rates,2025-10-31,,,,,,,,,,51.0,
1790,,Deposit Rates,2025-10-31,,,,,,,,,,50.0,
1791,,Deposit Rates,2025-10-31,,,,,,,,,,43.0,
1792,,Deposit Rates,2025-10-31,,,,,,,,,,46.0,
1793,,Deposit Rates,2025-10-31,,,,,,,,,,41.0,
1794,,Deposit Rates,2025-10-31,,,,,,,,,,46.0,
1795,,Deposit Rates,2025-10-31,,,,,,,,,,49.0,
1796,,Deposit Rates,2025-10-31,,,,,,,,,,48.0,
1797,,Deposit Rates,2025-10-31,,,,,,,,,,51.0,
1798,,Deposit Rates,2025-10-31,,,,,,,,,,45.0,
1799,,Deposit Rates,2025-10-31,,,,,,,,,,38.0,
1800,,Deposit Rates,2025-10-31,,,,,,,,,,32.0,
1801,,Deposit Rates,2025-10-31,,,,,,,,,,32.0,
1802,,Deposit Rates,2025-10-31,,,,,,,,,,31.0,
1803,,Deposit Rates,2025-10-31,,,,,,,,,,29.0,
1804,,Deposit Rates,2025-10-31,,,,,,,,,,28.0,
1805,,Deposit Rates,2025-10-31,,,,,,,,,,30.0,
1806,,Deposit Rates,2025-10-31,,,,,,,,,,28.0,
1807,,Deposit Rates,2025-10-31,,,,,,,,,,26.0,
1808,,Deposit Rates,2025-10-31,,,,,,,,,,24.0,
1809,,Deposit Rates,2025-10-31,,,,,,,,,,25.0,
1810,,Deposit Rates,2025-10-31,,,,,,,,,,25.0,
1811,,Deposit Rates,2025-10-31,,,,,,,,,,22.0,
1812,,Deposit Rates,2025-10-31,,,,,,,,,,19.0,
1813,,Deposit Rates,2025-10-31,,,,,,,,,,22.0,
1814,,Deposit Rates,2025-10-31,,,,,,,,,,22.0,
1815,,Deposit Rates,2025-10-31,,,,,,,,,,20.0,
1816,,Deposit Rates,2025-10-31,,,,,,,,,,21.0,
1817,,Deposit Rates,2025-10-31,,,,,,,,,,21.0,
1818,,Deposit Rates,2025-10-31,,,,,,,,,,21.0,
1819,,Deposit Rates,2025-10-31,,,,,,,,,,19.0,
1820,,Deposit Rates,2025-10-31,,,,,,,,,,18.0,
1821,,Deposit Rates,2025-10-31,,,,,,,,,,19.0,
1822,,Deposit Rates,2025-10-31,,,,,,,,,,19.0,
1823,,Deposit Rates,2025-10-31,,,,,,,,,,20.0,
1824,,Deposit Rates,2025-10-31,,,,,,,,,,17.0,
1825,,Deposit Rates,2025-10-31,,,,,,,,,,15.0,
1826,,Economic Crisis,2025-10-31,,,,,,,,,,,0.0
1827,,Economic Crisis,2025-10-31,,,,,,,,,,,0.0
1828,,Economic Crisis,2025-10-31,,,,,,,,,,,0.0
1829,,Economic Crisis,2025-10-31,,,,,,,,,,,0.0
1830,,Economic Crisis,2025-10-31,,,,,,,,,,,16.0
1831,,Economic Crisis,2025-10-31,,,,,,,,,,,0.0
1832,,Economic Crisis,2025-10-31,,,,,,,,,,,15.0
1833,,Economic Crisis,2025-10-31,,,,,,,,,,,0.0
1834,,Economic Crisis,2025-10-31,,,,,,,,,,,0.0
1835,,Economic Crisis,2025-10-31,,,,,,,,,,,0.0
1836,,Economic Crisis,2025-10-31,,,,,,,,,,,0.0
1837,,Economic Crisis,2025-10-31,,,,,,,,,,,0.0
1838,,Economic Crisis,2025-10-31,,,,,,,,,,,9.0
1839,,Economic Crisis,2025-10-31,,,,,,,,,,,0.0
1840,,Economic Crisis,2025-10-31,,,,,,,,,,,0.0
1841,,Economic Crisis,2025-10-31,,,,,,,,,,,9.0
1842,,Economic Crisis,2025-10-31,,,,,,,,,,,0.0
1843,,Economic Crisis,2025-10-31,,,,,,,,,,,0.0
1844,,Economic Crisis,2025-10-31,,,,,,,,,,,0.0
1845,,Economic Crisis,2025-10-31,,,,,,,,,,,0.0
1846,,Economic Crisis,2025-10-31,,,,,,,,,,,0.0
1847,,Economic Crisis,2025-10-31,,,,,,,,,,,8.0
1848,,Economic Crisis,2025-10-31,,,,,,,,,,,0.0
1849,,Economic Crisis,2025-10-31,,,,,,,,,,,8.0
1850,,Economic Crisis,2025-10-31,,,,,,,,,,,0.0
1851,,Economic Crisis,2025-10-31,,,,,,,,,,,0.0
1852,,Economic Crisis,2025-10-31,,,,,,,,,,,0.0
1853,,Economic Crisis,2025-10-31,,,,,,,,,,,0.0
1854,,Economic Crisis,2025-10-31,,,,,,,,,,,0.0
1855,,Economic Crisis,2025-10-31,,,,,,,,,,,0.0
1856,,Economic Crisis,2025-10-31,,,,,,,,,,,0.0
1857,,Economic Crisis,2025-10-31,,,,,,,,,,,0.0
1858,,Economic Crisis,2025-10-31,,,,,,,,,,,0.0
1859,,Economic Crisis,2025-10-31,,,,,,,,,,,0.0
1860,,Economic Crisis,2025-10-31,,,,,,,,,,,0.0
1861,,Economic Crisis,2025-10-31,,,,,,,,,,,0.0
1862,,Economic Crisis,2025-10-31,,,,,,,,,,,0.0
1863,,Economic Crisis,2025-10-31,,,,,,,,,,,0.0
1864,,Economic Crisis,2025-10-31,,,,,,,,,,,0.0
1865,,Economic Crisis,2025-10-31,,,,,,,,,,,0.0
1866,,Economic Crisis,2025-10-31,,,,,,,,,,,0.0
1867,,Economic Crisis,2025-10-31,,,,,,,,,,,0.0
1868,,Economic Crisis,2025-10-31,,,,,,,,,,,0.0
1869,,Economic Crisis,2025-10-31,,,,,,,,,,,0.0
1870,,Economic Crisis,2025-10-31,,,,,,,,,,,0.0
1871,,Economic Crisis,2025-10-31,,,,,,,,,,,0.0
1872,,Economic Crisis,2025-10-31,,,,,,,,,,,0.0
1873,,Economic Crisis,2025-10-31,,,,,,,,,,,0.0
1874,,Economic Crisis,2025-10-31,,,,,,,,,,,5.0
1875,,Economic Crisis,2025-10-31,,,,,,,,,,,5.0
1876,,Economic Crisis,2025-10-31,,,,,,,,,,,0.0
1877,,Economic Crisis,2025-10-31,,,,,,,,,,,0.0
1878,,Economic Crisis,2025-10-31,,,,,,,,,,,0.0
1879,,Economic Crisis,2025-10-31,,,,,,,,,,,0.0
1880,,Economic Crisis,2025-10-31,,,,,,,,,,,0.0
1881,,Economic Crisis,2025-10-31,,,,,,,,,,,0.0
1882,,Economic Crisis,2025-10-31,,,,,,,,,,,0.0
1883,,Economic Crisis,2025-10-31,,,,,,,,,,,4.0
1884,,Economic Crisis,2025-10-31,,,,,,,,,,,0.0
1885,,Economic Crisis,2025-10-31,,,,,,,,,,,0.0
1886,,Economic Crisis,2025-10-31,,,,,,,,,,,0.0
1887,,Economic Crisis,2025-10-31,,,,,,,,,,,6.0
1888,,Economic Crisis,2025-10-31,,,,,,,,,,,0.0
1889,,Economic Crisis,2025-10-31,,,,,,,,,,,0.0
1890,,Economic Crisis,2025-10-31,,,,,,,,,,,0.0
1891,,Economic Crisis,2025-10-31,,,,,,,,,,,5.0
1892,,Economic Crisis,2025-10-31,,,,,,,,,,,0.0
1893,,Economic Crisis,2025-10-31,,,,,,,,,,,0.0
1894,,Economic Crisis,2025-10-31,,,,,,,,,,,0.0
1895,,Economic Crisis,2025-10-31,,,,,,,,,,,0.0
1896,,Economic Crisis,2025-10-31,,,,,,,,,,,0.0
1897,,Economic Crisis,2025-10-31,,,,,,,,,,,0.0
1898,,Economic Crisis,2025-10-31,,,,,,,,,,,0.0
1899,,Economic Crisis,2025-10-31,,,,,,,,,,,0.0
1900,,Economic Crisis,2025-10-31,,,,,,,,,,,0.0
1901,,Economic Crisis,2025-10-31,,,,,,,,,,,0.0
1902,,Economic Crisis,2025-10-31,,,,,,,,,,,0.0
1903,,Economic Crisis,2025-10-31,,,,,,,,,,,0.0
1904,,Economic Crisis,2025-10-31,,,,,,,,,,,0.0
1905,,Economic Crisis,2025-10-31,,,,,,,,,,,0.0
1906,,Economic Crisis,2025-10-31,,,,,,,,,,,5.0
1907,,Economic Crisis,2025-10-31,,,,,,,,,,,0.0
1908,,Economic Crisis,2025-10-31,,,,,,,,,,,5.0
1909,,Economic Crisis,2025-10-31,,,,,,,,,,,0.0
1910,,Economic Crisis,2025-10-31,,,,,,,,,,,4.0
1911,,Economic Crisis,2025-10-31,,,,,,,,,,,0.0
1912,,Economic Crisis,2025-10-31,,,,,,,,,,,0.0
1913,,Economic Crisis,2025-10-31,,,,,,,,,,,0.0
1914,,Economic Crisis,2025-10-31,,,,,,,,,,,0.0
1915,,Economic Crisis,2025-10-31,,,,,,,,,,,0.0
1916,,Economic Crisis,2025-10-31,,,,,,,,,,,0.0
1917,,Economic Crisis,2025-10-31,,,,,,,,,,,0.0
1918,,Economic Crisis,2025-10-31,,,,,,,,,,,0.0
1919,,Economic Crisis,2025-10-31,,,,,,,,,,,0.0
1920,,Economic Crisis,2025-10-31,,,,,,,,,,,0.0
1921,,Economic Crisis,2025-10-31,,,,,,,,,,,0.0
1922,,Economic Crisis,2025-10-31,,,,,,,,,,,0.0
1923,,Economic Crisis,2025-10-31,,,,,,,,,,,0.0
1924,,Economic Crisis,2025-10-31,,,,,,,,,,,0.0
1925,,Economic Crisis,2025-10-31,,,,,,,,,,,4.0
1926,,Economic Crisis,2025-10-31,,,,,,,,,,,4.0
1927,,Economic Crisis,2025-10-31,,,,,,,,,,,3.0
1928,,Economic Crisis,2025-10-31,,,,,,,,,,,0.0
1929,,Economic Crisis,2025-10-31,,,,,,,,,,,6.0
1930,,Economic Crisis,2025-10-31,,,,,,,,,,,4.0
1931,,Economic Crisis,2025-10-31,,,,,,,,,,,0.0
1932,,Economic Crisis,2025-10-31,,,,,,,,,,,0.0
1933,,Economic Crisis,2025-10-31,,,,,,,,,,,0.0
1934,,Economic Crisis,2025-10-31,,,,,,,,,,,0.0
1935,,Economic Crisis,2025-10-31,,,,,,,,,,,0.0
1936,,Economic Crisis,2025-10-31,,,,,,,,,,,0.0
1937,,Economic Crisis,2025-10-31,,,,,,,,,,,0.0
1938,,Economic Crisis,2025-10-31,,,,,,,,,,,0.0
1939,,Economic Crisis,2025-10-31,,,,,,,,,,,0.0
1940,,Economic Crisis,2025-10-31,,,,,,,,,,,4.0
1941,,Economic Crisis,2025-10-31,,,,,,,,,,,3.0
1942,,Economic Crisis,2025-10-31,,,,,,,,,,,0.0
1943,,Economic Crisis,2025-10-31,,,,,,,,,,,4.0
1944,,Economic Crisis,2025-10-31,,,,,,,,,,,4.0
1945,,Economic Crisis,2025-10-31,,,,,,,,,,,12.0
1946,,Economic Crisis,2025-10-31,,,,,,,,,,,19.0
1947,,Economic Crisis,2025-10-31,,,,,,,,,,,15.0
1948,,Economic Crisis,2025-10-31,,,,,,,,,,,65.0
1949,,Economic Crisis,2025-10-31,,,,,,,,,,,100.0
1950,,Economic Crisis,2025-10-31,,,,,,,,,,,78.0
1951,,Economic Crisis,2025-10-31,,,,,,,,,,,79.0
1952,,Economic Crisis,2025-10-31,,,,,,,,,,,83.0
1953,,Economic Crisis,2025-10-31,,,,,,,,,,,66.0
1954,,Economic Crisis,2025-10-31,,,,,,,,,,,57.0
1955,,Economic Crisis,2025-10-31,,,,,,,,,,,55.0
1956,,Economic Crisis,2025-10-31,,,,,,,,,,,61.0
1957,,Economic Crisis,2025-10-31,,,,,,,,,,,50.0
1958,,Economic Crisis,2025-10-31,,,,,,,,,,,47.0
1959,,Economic Crisis,2025-10-31,,,,,,,,,,,63.0
1960,,Economic Crisis,2025-10-31,,,,,,,,,,,38.0
1961,,Economic Crisis,2025-10-31,,,,,,,,,,,24.0
1962,,Economic Crisis,2025-10-31,,,,,,,,,,,39.0
1963,,Economic Crisis,2025-10-31,,,,,,,,,,,30.0
1964,,Economic Crisis,2025-10-31,,,,,,,,,,,25.0
1965,,Economic Crisis,2025-10-31,,,,,,,,,,,22.0
1966,,Economic Crisis,2025-10-31,,,,,,,,,,,20.0
1967,,Economic Crisis,2025-10-31,,,,,,,,,,,20.0
1968,,Economic Crisis,2025-10-31,,,,,,,,,,,21.0
1969,,Economic Crisis,2025-10-31,,,,,,,,,,,14.0
1970,,Economic Crisis,2025-10-31,,,,,,,,,,,19.0
1971,,Economic Crisis,2025-10-31,,,,,,,,,,,19.0
1972,,Economic Crisis,2025-10-31,,,,,,,,,,,14.0
1973,,Economic Crisis,2025-10-31,,,,,,,,,,,11.0
1974,,Economic Crisis,2025-10-31,,,,,,,,,,,16.0
1975,,Economic Crisis,2025-10-31,,,,,,,,,,,10.0
1976,,Economic Crisis,2025-10-31,,,,,,,,,,,12.0
1977,,Economic Crisis,2025-10-31,,,,,,,,,,,13.0
1978,,Economic Crisis,2025-10-31,,,,,,,,,,,13.0
1979,,Economic Crisis,2025-10-31,,,,,,,,,,,9.0
1980,,Economic Crisis,2025-10-31,,,,,,,,,,,14.0
1981,,Economic Crisis,2025-10-31,,,,,,,,,,,11.0
1982,,Economic Crisis,2025-10-31,,,,,,,,,,,9.0
1983,,Economic Crisis,2025-10-31,,,,,,,,,,,5.0
1984,,Economic Crisis,2025-10-31,,,,,,,,,,,6.0
1985,,Economic Crisis,2025-10-31,,,,,,,,,,,7.0
1986,,Economic Crisis,2025-10-31,,,,,,,,,,,6.0
1987,,Economic Crisis,2025-10-31,,,,,,,,,,,7.0
1988,,Economic Crisis,2025-10-31,,,,,,,,,,,6.0
1989,,Economic Crisis,2025-10-31,,,,,,,,,,,5.0
1990,,Economic Crisis,2025-10-31,,,,,,,,,,,6.0
1991,,Economic Crisis,2025-10-31,,,,,,,,,,,6.0
